brand,count
VW,319820
BMW,237961
MERCEDES-BENZ,235833
SKODA,220115
AUDI,194249
TOYOTA,121844
RENAULT,111389
FORD,107961
HYUNDAI,88454
SEAT,87239
VOLVO,86251
DACIA,81586
PEUGEOT,77207
OPEL,76810
FIAT,63588
TESLA,61979
SUZUKI,61639
MAZDA,58304
KIA,56930
CITROEN,50530
MINI,47931
PORSCHE,44962
NISSAN,38054
CUPRA,33567
HONDA,33312
MITSUBISHI,30774
JEEP,30750
SUBARU,30292
LAND ROVER,29316
ALFA ROMEO,19930
SMART,13086
JAGUAR,10802
LEXUS,7925
MG,7821
BYD,5579
POLESTAR,5178
FERRARI,5015
MASERATI,4916
SSANGYONG,4218
DS,3991
MERCEDES-AMG,3740
LEAPMOTOR,2552
LAMBORGHINI,2124
GENESIS,2093
FORD-CNG-TECHNIK,2072
BENTLEY,2043
ASTON MARTIN,1741
CHEVROLET,1657
DODGE,1567
ALPINE,1524
CADILLAC,1411
JAC,1205
INFINITI,1198
ZEEKR,1134
KG MOBILITY,973
ALPINA,708
LOTUS,706
MC LAREN,613
ROLLS ROYCE,480
XPENG,457
INEOS,275
AIWAYS,210
MORGAN,200
LUCID,173
CHRYSLER,171
UEBRIGE (SIEHE TYP),168
MAN,167
CATERHAM,160
BAIC,151
ABARTH,139
FISKER,119
LYNK&CO,115
SKYWELL,105
LANCIA,103
SERES,88
DONGFENG,86
VOYAH,86
BUGATTI,75
CITROEN-DANGEL,47
LADA,45
JUMBOLINO,41
DALLARA,35
KTM,29
PAGANI,27
MAXUS,24
PEUGEOT-DANGEL,21
STIMBO,20
GAC,19
FFW,15
CLUB CAR,15
ROVER,12
GMC,12
SECMA,12
DENZA,10
DFM,10
SWM,10
IVECO,9
OMODA,7
ROOS,7
LINCOLN,7
BRP,6
JIAYUAN,6
TAZZARI,6
BAW,5
MERCEDES-ADRIA,5
CAN-AM,5
DONKERVOORT,5
MUSTANG,5
KLINGLER,5
SAAB,4
AB KAWASAKI,4
RIMAC,3
AC-COBRA,3
BMW/ALPINA,3
RADICAL SPORTSCARS,2
AUSTIN,2
TRIUMPH,2
MAYBACH,2
JIALING,2
FORD ECONOLINE,2
PRINOTH,2
BORGWARD,2
ABT,2
PININFARINA,2
PGO,2
MERCEDES-BENZ-HYMER,2
FIAT-ABARTH,2
MICRO COMPACT CAR,2
OPEL-DANGEL,2
YAMAHA,2
NIO,2
DAIHATSU,2
FAVERO,1
EDSEL,1
HUMMER,1
FACEL-VEGA,1
TOURNEAU LE,1
TOYO-KOGYO,1
FORCA,1
GEELY,1
UNIMOG,1
VAUXHALL,1
ARIES,1
VOLVO-T,1
VW-MAN,1
WIESMANN,1
ALVIS,1
DAIMLER,1
JAECOO,1
AUDI-NSU,1
NIBBI,1
MERCEDES-BENZ-WEINSBERG,1
PEUGEOT-ALKO,1
PLYMOUTH,1
PONTIAC,1
PUMA,1
QUATTRO,1
RELIANT,1
CITROEN-POESSL,1
RENAULT-SPORT,1
CUSHMAN,1
MAHINDRA,1
SALMSON,1
NSU,1
KOENIG,1
Avantier,1
DFSK,1
CADILLON,1
