canton,year,month,ev_count,total_count
A,2016,8,1,3
A,2016,11,0,1
A,2016,12,0,2
A,2017,2,0,2
A,2017,6,0,2
A,2017,7,0,1
A,2017,8,0,1
A,2017,9,0,1
A,2017,12,0,2
A,2018,2,0,1
A,2018,3,0,1
A,2018,4,0,1
A,2018,6,0,2
A,2018,7,0,1
A,2018,8,0,1
A,2018,11,0,1
A,2019,2,0,1
A,2019,4,0,2
A,2019,5,1,1
A,2019,9,0,1
A,2019,10,0,3
A,2019,11,0,7
A,2019,12,0,3
A,2021,7,0,1
A,2021,8,0,1
A,2021,9,0,1
A,2021,11,1,1
A,2021,12,0,3
A,2022,1,1,1
A,2022,2,0,1
A,2022,3,0,1
A,2022,4,1,2
A,2022,5,0,1
A,2022,6,0,2
A,2022,9,1,1
A,2022,10,1,2
A,2022,12,0,8
A,2023,1,0,1
A,2023,4,0,1
A,2023,5,1,2
A,2023,6,1,2
A,2023,8,0,1
A,2023,10,0,1
A,2023,12,0,1
A,2024,1,0,1
A,2024,3,3,3
A,2024,7,1,1
A,2024,12,0,1
A,2025,7,1,1
A,2025,9,1,1
A,2025,10,1,1
A,2025,11,2,4
A,2026,2,0,1
AG,2016,1,96,1659
AG,2016,2,69,1672
AG,2016,3,107,2333
AG,2016,4,94,2363
AG,2016,5,85,2031
AG,2016,6,116,2321
AG,2016,7,92,1740
AG,2016,8,87,1803
AG,2016,9,155,2108
AG,2016,10,96,1825
AG,2016,11,99,2128
AG,2016,12,117,2784
AG,2017,1,83,1523
AG,2017,2,97,1723
AG,2017,3,122,2433
AG,2017,4,136,2085
AG,2017,5,114,2175
AG,2017,6,139,2306
AG,2017,7,95,1780
AG,2017,8,114,1767
AG,2017,9,153,1994
AG,2017,10,122,2091
AG,2017,11,121,2082
AG,2017,12,133,2320
AG,2018,1,111,1786
AG,2018,2,87,1614
AG,2018,3,125,2237
AG,2018,4,122,2197
AG,2018,5,126,2103
AG,2018,6,175,2342
AG,2018,7,126,1851
AG,2018,8,113,1647
AG,2018,9,149,1720
AG,2018,10,159,1865
AG,2018,11,144,1847
AG,2018,12,189,2021
AG,2019,1,102,1553
AG,2019,2,140,1753
AG,2019,3,316,2461
AG,2019,4,276,2292
AG,2019,5,209,2090
AG,2019,6,219,2166
AG,2019,7,189,1853
AG,2019,8,167,1539
AG,2019,9,267,1900
AG,2019,10,214,2089
AG,2019,11,228,1785
AG,2019,12,679,2766
AG,2020,1,265,1486
AG,2020,2,206,1402
AG,2020,3,342,1496
AG,2020,4,148,811
AG,2020,5,216,1075
AG,2020,6,370,1736
AG,2020,7,286,1526
AG,2020,8,340,1365
AG,2020,9,528,1720
AG,2020,10,445,1614
AG,2020,11,550,1738
AG,2020,12,944,2395
AG,2021,1,354,1175
AG,2021,2,457,1313
AG,2021,3,668,2054
AG,2021,4,580,1647
AG,2021,5,553,1523
AG,2021,6,821,1893
AG,2021,7,558,1336
AG,2021,8,605,1277
AG,2021,9,775,1583
AG,2021,10,564,1164
AG,2021,11,696,1422
AG,2021,12,1000,1939
AG,2022,1,602,1297
AG,2022,2,546,1266
AG,2022,3,897,1774
AG,2022,4,566,1225
AG,2022,5,651,1406
AG,2022,6,744,1564
AG,2022,7,471,1112
AG,2022,8,549,1358
AG,2022,9,774,1658
AG,2022,10,615,1343
AG,2022,11,824,1646
AG,2022,12,1073,1898
AG,2023,1,619,1299
AG,2023,2,607,1364
AG,2023,3,980,2007
AG,2023,4,743,1400
AG,2023,5,807,1550
AG,2023,6,1045,1971
AG,2023,7,749,1381
AG,2023,8,902,1645
AG,2023,9,942,1640
AG,2023,10,920,1566
AG,2023,11,935,1667
AG,2023,12,1408,2235
AG,2024,1,677,1188
AG,2024,2,857,1461
AG,2024,3,1087,1940
AG,2024,4,743,1497
AG,2024,5,772,1462
AG,2024,6,920,1642
AG,2024,7,792,1353
AG,2024,8,757,1289
AG,2024,9,922,1553
AG,2024,10,906,1512
AG,2024,11,922,1514
AG,2024,12,995,1756
AG,2025,1,693,1126
AG,2025,2,784,1287
AG,2025,3,1052,1704
AG,2025,4,824,1353
AG,2025,5,924,1476
AG,2025,6,1063,1630
AG,2025,7,894,1393
AG,2025,8,881,1345
AG,2025,9,1089,1574
AG,2025,10,1015,1620
AG,2025,11,979,1425
AG,2025,12,1513,2104
AG,2026,1,778,1134
AG,2026,2,752,1153
AI,2016,1,9,1537
AI,2016,2,6,1858
AI,2016,3,21,1692
AI,2016,4,33,915
AI,2016,5,16,1890
AI,2016,6,67,3444
AI,2016,7,73,3456
AI,2016,8,5,994
AI,2016,9,21,508
AI,2016,10,12,401
AI,2016,11,33,1146
AI,2016,12,129,4184
AI,2017,1,3,539
AI,2017,2,7,1945
AI,2017,3,41,1477
AI,2017,4,11,1139
AI,2017,5,69,1979
AI,2017,6,59,3901
AI,2017,7,4,2378
AI,2017,8,6,1239
AI,2017,9,3,413
AI,2017,10,2,515
AI,2017,11,16,890
AI,2017,12,110,3433
AI,2018,1,36,1707
AI,2018,2,30,2052
AI,2018,3,8,1761
AI,2018,4,4,913
AI,2018,5,25,2254
AI,2018,6,28,3973
AI,2018,7,37,2373
AI,2018,8,60,616
AI,2018,9,27,753
AI,2018,10,30,300
AI,2018,11,68,1550
AI,2018,12,216,4092
AI,2019,1,94,1391
AI,2019,2,32,1937
AI,2019,3,34,1200
AI,2019,4,48,2194
AI,2019,5,104,2926
AI,2019,6,88,3110
AI,2019,7,120,2421
AI,2019,8,15,607
AI,2019,9,47,754
AI,2019,10,23,741
AI,2019,11,109,1850
AI,2019,12,302,3762
AI,2020,1,116,1470
AI,2020,2,203,1971
AI,2020,3,45,311
AI,2020,4,18,81
AI,2020,5,92,643
AI,2020,6,159,2441
AI,2020,7,263,2691
AI,2020,8,25,368
AI,2020,9,157,594
AI,2020,10,65,402
AI,2020,11,215,951
AI,2020,12,630,2944
AI,2021,1,67,244
AI,2021,2,99,571
AI,2021,3,199,1025
AI,2021,4,265,1200
AI,2021,5,229,1239
AI,2021,6,639,3198
AI,2021,7,518,2265
AI,2021,8,221,461
AI,2021,9,295,664
AI,2021,10,109,372
AI,2021,11,169,746
AI,2021,12,496,1327
AI,2022,1,125,550
AI,2022,2,168,517
AI,2022,3,88,334
AI,2022,4,163,409
AI,2022,5,310,1246
AI,2022,6,321,1008
AI,2022,7,233,963
AI,2022,8,235,720
AI,2022,9,145,465
AI,2022,10,204,436
AI,2022,11,401,1022
AI,2022,12,463,1703
AI,2023,1,184,539
AI,2023,2,271,732
AI,2023,3,424,903
AI,2023,4,271,1049
AI,2023,5,662,1720
AI,2023,6,755,1982
AI,2023,7,642,1624
AI,2023,8,383,769
AI,2023,9,441,1017
AI,2023,10,488,1034
AI,2023,11,530,1194
AI,2023,12,1272,2519
AI,2024,1,445,973
AI,2024,2,492,804
AI,2024,3,892,1166
AI,2024,4,612,1515
AI,2024,5,911,2206
AI,2024,6,1202,2337
AI,2024,7,644,1474
AI,2024,8,299,481
AI,2024,9,405,938
AI,2024,10,329,451
AI,2024,11,656,1217
AI,2024,12,1658,2944
AI,2025,1,279,682
AI,2025,2,626,720
AI,2025,3,804,1105
AI,2025,4,683,1385
AI,2025,5,1331,2054
AI,2025,6,1544,2404
AI,2025,7,959,1343
AI,2025,8,529,742
AI,2025,9,602,805
AI,2025,10,303,421
AI,2025,11,579,1225
AI,2025,12,1464,2815
AI,2026,1,380,711
AI,2026,2,389,738
AR,2016,1,5,93
AR,2016,2,5,94
AR,2016,3,14,125
AR,2016,4,2,188
AR,2016,5,6,129
AR,2016,6,3,133
AR,2016,7,2,109
AR,2016,8,3,105
AR,2016,9,6,142
AR,2016,10,6,133
AR,2016,11,2,119
AR,2016,12,9,134
AR,2017,1,2,95
AR,2017,2,5,110
AR,2017,3,9,158
AR,2017,4,5,136
AR,2017,5,11,143
AR,2017,6,7,149
AR,2017,7,8,93
AR,2017,8,8,113
AR,2017,9,10,121
AR,2017,10,12,140
AR,2017,11,10,139
AR,2017,12,7,128
AR,2018,1,8,121
AR,2018,2,4,117
AR,2018,3,12,137
AR,2018,4,13,161
AR,2018,5,10,123
AR,2018,6,13,158
AR,2018,7,3,84
AR,2018,8,8,87
AR,2018,9,10,98
AR,2018,10,5,99
AR,2018,11,13,93
AR,2018,12,5,102
AR,2019,1,8,99
AR,2019,2,4,104
AR,2019,3,16,133
AR,2019,4,13,133
AR,2019,5,16,124
AR,2019,6,18,122
AR,2019,7,13,100
AR,2019,8,6,95
AR,2019,9,16,89
AR,2019,10,17,109
AR,2019,11,15,137
AR,2019,12,40,132
AR,2020,1,15,65
AR,2020,2,14,74
AR,2020,3,26,98
AR,2020,4,5,42
AR,2020,5,19,53
AR,2020,6,27,99
AR,2020,7,13,97
AR,2020,8,16,82
AR,2020,9,24,75
AR,2020,10,25,91
AR,2020,11,27,88
AR,2020,12,42,100
AR,2021,1,22,65
AR,2021,2,27,76
AR,2021,3,38,101
AR,2021,4,33,98
AR,2021,5,33,80
AR,2021,6,34,88
AR,2021,7,32,90
AR,2021,8,24,60
AR,2021,9,41,93
AR,2021,10,38,71
AR,2021,11,33,72
AR,2021,12,48,93
AR,2022,1,25,69
AR,2022,2,35,91
AR,2022,3,52,96
AR,2022,4,42,86
AR,2022,5,37,74
AR,2022,6,50,89
AR,2022,7,28,83
AR,2022,8,27,67
AR,2022,9,32,75
AR,2022,10,25,61
AR,2022,11,40,89
AR,2022,12,53,100
AR,2023,1,41,73
AR,2023,2,42,78
AR,2023,3,64,116
AR,2023,4,51,81
AR,2023,5,57,87
AR,2023,6,55,96
AR,2023,7,43,79
AR,2023,8,48,89
AR,2023,9,40,78
AR,2023,10,50,83
AR,2023,11,47,95
AR,2023,12,57,103
AR,2024,1,24,61
AR,2024,2,40,86
AR,2024,3,53,103
AR,2024,4,50,80
AR,2024,5,50,88
AR,2024,6,48,88
AR,2024,7,48,75
AR,2024,8,42,78
AR,2024,9,58,86
AR,2024,10,53,84
AR,2024,11,43,66
AR,2024,12,59,89
AR,2025,1,40,61
AR,2025,2,46,74
AR,2025,3,62,87
AR,2025,4,59,98
AR,2025,5,44,75
AR,2025,6,58,92
AR,2025,7,51,83
AR,2025,8,40,79
AR,2025,9,46,70
AR,2025,10,39,68
AR,2025,11,60,87
AR,2025,12,65,90
AR,2026,1,37,57
AR,2026,2,37,54
BA,2016,10,0,1
BA,2016,12,0,1
BA,2018,1,0,1
BA,2018,2,0,1
BA,2018,3,0,3
BE,2016,1,69,1742
BE,2016,2,73,1952
BE,2016,3,129,2599
BE,2016,4,114,2634
BE,2016,5,82,2533
BE,2016,6,113,2804
BE,2016,7,79,2061
BE,2016,8,85,2021
BE,2016,9,130,2310
BE,2016,10,101,2174
BE,2016,11,105,2520
BE,2016,12,215,3048
BE,2017,1,123,1793
BE,2017,2,77,1968
BE,2017,3,142,2859
BE,2017,4,97,2331
BE,2017,5,114,2586
BE,2017,6,149,2730
BE,2017,7,94,2218
BE,2017,8,132,2225
BE,2017,9,137,2317
BE,2017,10,106,2306
BE,2017,11,121,2451
BE,2017,12,139,2553
BE,2018,1,143,1859
BE,2018,2,82,1866
BE,2018,3,241,2543
BE,2018,4,134,2611
BE,2018,5,119,2600
BE,2018,6,163,2678
BE,2018,7,120,2319
BE,2018,8,139,2150
BE,2018,9,153,1915
BE,2018,10,146,2091
BE,2018,11,145,2166
BE,2018,12,120,2266
BE,2019,1,139,1866
BE,2019,2,199,1986
BE,2019,3,318,2801
BE,2019,4,203,2558
BE,2019,5,231,2621
BE,2019,6,240,2408
BE,2019,7,170,2189
BE,2019,8,207,1901
BE,2019,9,274,2202
BE,2019,10,197,2281
BE,2019,11,249,2104
BE,2019,12,580,2875
BE,2020,1,249,1721
BE,2020,2,249,1588
BE,2020,3,359,1862
BE,2020,4,191,1008
BE,2020,5,235,1245
BE,2020,6,427,2113
BE,2020,7,316,1836
BE,2020,8,327,1611
BE,2020,9,643,1985
BE,2020,10,559,1972
BE,2020,11,607,2132
BE,2020,12,944,2540
BE,2021,1,425,1397
BE,2021,2,452,1487
BE,2021,3,762,2269
BE,2021,4,747,2158
BE,2021,5,607,1834
BE,2021,6,877,2260
BE,2021,7,576,1590
BE,2021,8,677,1637
BE,2021,9,750,1727
BE,2021,10,563,1411
BE,2021,11,761,1712
BE,2021,12,1001,2194
BE,2022,1,598,1465
BE,2022,2,655,1542
BE,2022,3,970,2033
BE,2022,4,615,1412
BE,2022,5,683,1673
BE,2022,6,870,1987
BE,2022,7,583,1487
BE,2022,8,640,1657
BE,2022,9,833,1952
BE,2022,10,698,1623
BE,2022,11,1023,2057
BE,2022,12,1198,2331
BE,2023,1,744,1613
BE,2023,2,687,1594
BE,2023,3,1142,2382
BE,2023,4,819,1640
BE,2023,5,1029,1996
BE,2023,6,1190,2289
BE,2023,7,777,1574
BE,2023,8,849,1612
BE,2023,9,1034,1970
BE,2023,10,1035,1825
BE,2023,11,1032,2002
BE,2023,12,1342,2442
BE,2024,1,688,1390
BE,2024,2,866,1745
BE,2024,3,1018,2091
BE,2024,4,827,1617
BE,2024,5,934,1871
BE,2024,6,1004,1926
BE,2024,7,912,1625
BE,2024,8,901,1592
BE,2024,9,979,1769
BE,2024,10,944,1695
BE,2024,11,969,1618
BE,2024,12,1340,2147
BE,2025,1,776,1320
BE,2025,2,880,1509
BE,2025,3,1226,2057
BE,2025,4,982,1656
BE,2025,5,981,1621
BE,2025,6,1202,1936
BE,2025,7,1036,1677
BE,2025,8,1000,1585
BE,2025,9,1192,1896
BE,2025,10,1079,1724
BE,2025,11,1187,1782
BE,2025,12,1540,2216
BE,2026,1,811,1219
BE,2026,2,852,1348
BL,2016,1,12,542
BL,2016,2,18,612
BL,2016,3,40,727
BL,2016,4,25,769
BL,2016,5,28,687
BL,2016,6,28,816
BL,2016,7,22,658
BL,2016,8,26,645
BL,2016,9,35,749
BL,2016,10,22,618
BL,2016,11,18,698
BL,2016,12,31,936
BL,2017,1,24,560
BL,2017,2,28,602
BL,2017,3,44,802
BL,2017,4,18,709
BL,2017,5,27,710
BL,2017,6,40,786
BL,2017,7,25,618
BL,2017,8,43,639
BL,2017,9,50,718
BL,2017,10,40,716
BL,2017,11,51,767
BL,2017,12,50,818
BL,2018,1,36,622
BL,2018,2,20,594
BL,2018,3,44,799
BL,2018,4,39,696
BL,2018,5,39,786
BL,2018,6,58,781
BL,2018,7,40,605
BL,2018,8,42,663
BL,2018,9,55,572
BL,2018,10,47,597
BL,2018,11,46,688
BL,2018,12,90,758
BL,2019,1,52,586
BL,2019,2,53,612
BL,2019,3,98,740
BL,2019,4,66,696
BL,2019,5,68,723
BL,2019,6,66,799
BL,2019,7,65,651
BL,2019,8,62,603
BL,2019,9,125,790
BL,2019,10,66,676
BL,2019,11,71,724
BL,2019,12,162,859
BL,2020,1,66,557
BL,2020,2,98,574
BL,2020,3,140,627
BL,2020,4,40,272
BL,2020,5,66,401
BL,2020,6,131,623
BL,2020,7,122,575
BL,2020,8,143,515
BL,2020,9,211,659
BL,2020,10,174,616
BL,2020,11,177,620
BL,2020,12,326,790
BL,2021,1,127,457
BL,2021,2,132,432
BL,2021,3,245,749
BL,2021,4,225,588
BL,2021,5,192,577
BL,2021,6,265,637
BL,2021,7,166,509
BL,2021,8,222,509
BL,2021,9,265,535
BL,2021,10,169,403
BL,2021,11,241,530
BL,2021,12,346,705
BL,2022,1,203,441
BL,2022,2,212,463
BL,2022,3,278,596
BL,2022,4,174,436
BL,2022,5,220,493
BL,2022,6,294,623
BL,2022,7,163,490
BL,2022,8,180,466
BL,2022,9,270,598
BL,2022,10,210,463
BL,2022,11,291,558
BL,2022,12,344,658
BL,2023,1,224,466
BL,2023,2,225,456
BL,2023,3,342,722
BL,2023,4,198,467
BL,2023,5,327,620
BL,2023,6,386,702
BL,2023,7,262,485
BL,2023,8,312,554
BL,2023,9,359,651
BL,2023,10,308,526
BL,2023,11,327,564
BL,2023,12,414,700
BL,2024,1,211,418
BL,2024,2,293,550
BL,2024,3,326,635
BL,2024,4,285,544
BL,2024,5,255,528
BL,2024,6,292,519
BL,2024,7,244,437
BL,2024,8,247,434
BL,2024,9,358,589
BL,2024,10,330,557
BL,2024,11,322,535
BL,2024,12,403,646
BL,2025,1,284,449
BL,2025,2,264,439
BL,2025,3,364,564
BL,2025,4,307,521
BL,2025,5,321,517
BL,2025,6,411,630
BL,2025,7,291,478
BL,2025,8,268,424
BL,2025,9,402,572
BL,2025,10,330,479
BL,2025,11,340,499
BL,2025,12,554,731
BL,2026,1,255,383
BL,2026,2,249,395
BS,2016,1,8,269
BS,2016,2,14,313
BS,2016,3,19,322
BS,2016,4,12,365
BS,2016,5,16,316
BS,2016,6,17,368
BS,2016,7,12,342
BS,2016,8,14,309
BS,2016,9,13,368
BS,2016,10,12,312
BS,2016,11,13,343
BS,2016,12,13,433
BS,2017,1,17,257
BS,2017,2,16,310
BS,2017,3,16,324
BS,2017,4,10,308
BS,2017,5,10,357
BS,2017,6,21,401
BS,2017,7,9,280
BS,2017,8,16,309
BS,2017,9,25,302
BS,2017,10,20,334
BS,2017,11,18,313
BS,2017,12,24,366
BS,2018,1,18,255
BS,2018,2,13,253
BS,2018,3,38,361
BS,2018,4,21,366
BS,2018,5,31,324
BS,2018,6,34,307
BS,2018,7,24,294
BS,2018,8,22,281
BS,2018,9,32,299
BS,2018,10,50,367
BS,2018,11,29,316
BS,2018,12,36,276
BS,2019,1,30,235
BS,2019,2,49,288
BS,2019,3,62,392
BS,2019,4,35,311
BS,2019,5,43,327
BS,2019,6,51,361
BS,2019,7,26,327
BS,2019,8,38,237
BS,2019,9,40,329
BS,2019,10,33,475
BS,2019,11,39,286
BS,2019,12,89,375
BS,2020,1,38,269
BS,2020,2,39,209
BS,2020,3,62,224
BS,2020,4,20,116
BS,2020,5,31,154
BS,2020,6,66,317
BS,2020,7,46,242
BS,2020,8,78,232
BS,2020,9,113,310
BS,2020,10,68,350
BS,2020,11,109,335
BS,2020,12,161,367
BS,2021,1,72,226
BS,2021,2,80,237
BS,2021,3,119,342
BS,2021,4,86,228
BS,2021,5,82,258
BS,2021,6,142,306
BS,2021,7,100,240
BS,2021,8,108,231
BS,2021,9,123,246
BS,2021,10,98,218
BS,2021,11,111,221
BS,2021,12,148,312
BS,2022,1,102,212
BS,2022,2,104,238
BS,2022,3,136,259
BS,2022,4,74,172
BS,2022,5,92,205
BS,2022,6,145,276
BS,2022,7,87,218
BS,2022,8,82,226
BS,2022,9,147,292
BS,2022,10,96,234
BS,2022,11,140,274
BS,2022,12,168,270
BS,2023,1,120,222
BS,2023,2,101,205
BS,2023,3,167,357
BS,2023,4,115,238
BS,2023,5,136,244
BS,2023,6,180,307
BS,2023,7,124,225
BS,2023,8,133,243
BS,2023,9,143,281
BS,2023,10,137,255
BS,2023,11,159,271
BS,2023,12,196,330
BS,2024,1,115,198
BS,2024,2,143,259
BS,2024,3,175,298
BS,2024,4,121,237
BS,2024,5,121,230
BS,2024,6,139,238
BS,2024,7,114,226
BS,2024,8,118,225
BS,2024,9,151,242
BS,2024,10,129,237
BS,2024,11,146,233
BS,2024,12,199,302
BS,2025,1,98,175
BS,2025,2,114,175
BS,2025,3,166,248
BS,2025,4,137,231
BS,2025,5,129,218
BS,2025,6,164,246
BS,2025,7,117,200
BS,2025,8,128,203
BS,2025,9,157,220
BS,2025,10,145,225
BS,2025,11,159,230
BS,2025,12,213,294
BS,2026,1,106,149
BS,2026,2,110,166
FL,2016,1,8,158
FL,2016,2,1,133
FL,2016,3,7,165
FL,2016,4,10,186
FL,2016,5,9,167
FL,2016,6,16,172
FL,2016,7,5,138
FL,2016,8,8,143
FL,2016,9,20,183
FL,2016,10,6,162
FL,2016,11,12,193
FL,2016,12,7,174
FL,2017,1,8,137
FL,2017,2,13,129
FL,2017,3,18,216
FL,2017,4,8,183
FL,2017,5,9,160
FL,2017,6,14,194
FL,2017,7,6,182
FL,2017,8,12,173
FL,2017,9,14,147
FL,2017,10,16,166
FL,2017,11,11,159
FL,2017,12,12,156
FL,2018,1,12,151
FL,2018,2,8,147
FL,2018,3,15,178
FL,2018,4,9,170
FL,2018,5,11,162
FL,2018,6,12,191
FL,2018,7,10,157
FL,2018,8,6,135
FL,2018,9,17,134
FL,2018,10,17,160
FL,2018,11,15,126
FL,2018,12,23,135
FL,2019,1,7,129
FL,2019,2,14,150
FL,2019,3,21,203
FL,2019,4,22,171
FL,2019,5,17,172
FL,2019,6,26,133
FL,2019,7,14,150
FL,2019,8,21,142
FL,2019,9,13,165
FL,2019,10,26,187
FL,2019,11,11,137
FL,2019,12,45,212
FL,2020,1,21,99
FL,2020,2,19,103
FL,2020,3,35,144
FL,2020,4,20,85
FL,2020,5,16,96
FL,2020,6,33,128
FL,2020,7,37,148
FL,2020,8,38,122
FL,2020,9,56,142
FL,2020,10,30,125
FL,2020,11,50,134
FL,2020,12,72,185
FL,2021,1,46,104
FL,2021,2,50,125
FL,2021,3,51,167
FL,2021,4,69,143
FL,2021,5,48,140
FL,2021,6,77,163
FL,2021,7,50,124
FL,2021,8,39,99
FL,2021,9,66,142
FL,2021,10,51,109
FL,2021,11,63,120
FL,2021,12,81,183
FL,2022,1,41,99
FL,2022,2,53,106
FL,2022,3,68,156
FL,2022,4,51,107
FL,2022,5,47,112
FL,2022,6,61,143
FL,2022,7,50,133
FL,2022,8,49,134
FL,2022,9,90,178
FL,2022,10,44,131
FL,2022,11,79,168
FL,2022,12,89,195
FL,2023,1,71,146
FL,2023,2,55,119
FL,2023,3,81,185
FL,2023,4,49,136
FL,2023,5,69,157
FL,2023,6,93,188
FL,2023,7,65,138
FL,2023,8,63,127
FL,2023,9,76,155
FL,2023,10,58,142
FL,2023,11,66,151
FL,2023,12,68,157
FL,2024,1,60,111
FL,2024,2,63,126
FL,2024,3,63,146
FL,2024,4,79,169
FL,2024,5,72,156
FL,2024,6,95,167
FL,2024,7,66,126
FL,2024,8,68,147
FL,2024,9,89,160
FL,2024,10,91,162
FL,2024,11,76,128
FL,2024,12,108,190
FL,2025,1,59,111
FL,2025,2,66,119
FL,2025,3,78,153
FL,2025,4,79,142
FL,2025,5,73,136
FL,2025,6,86,140
FL,2025,7,78,143
FL,2025,8,78,129
FL,2025,9,91,152
FL,2025,10,79,138
FL,2025,11,62,128
FL,2025,12,108,154
FL,2026,1,69,107
FL,2026,2,64,107
FR,2016,1,30,710
FR,2016,2,36,846
FR,2016,3,50,1059
FR,2016,4,48,1104
FR,2016,5,30,951
FR,2016,6,51,1169
FR,2016,7,46,1005
FR,2016,8,47,810
FR,2016,9,68,1008
FR,2016,10,36,885
FR,2016,11,37,980
FR,2016,12,41,1244
FR,2017,1,59,735
FR,2017,2,41,831
FR,2017,3,71,1196
FR,2017,4,43,977
FR,2017,5,56,1094
FR,2017,6,50,1073
FR,2017,7,44,1026
FR,2017,8,43,837
FR,2017,9,76,984
FR,2017,10,39,925
FR,2017,11,52,961
FR,2017,12,32,1109
FR,2018,1,38,717
FR,2018,2,35,830
FR,2018,3,78,1072
FR,2018,4,81,1016
FR,2018,5,54,1004
FR,2018,6,77,1132
FR,2018,7,42,994
FR,2018,8,67,835
FR,2018,9,61,766
FR,2018,10,67,956
FR,2018,11,65,923
FR,2018,12,62,965
FR,2019,1,61,791
FR,2019,2,63,884
FR,2019,3,123,1101
FR,2019,4,114,1031
FR,2019,5,114,1160
FR,2019,6,100,960
FR,2019,7,84,991
FR,2019,8,105,808
FR,2019,9,98,897
FR,2019,10,93,1037
FR,2019,11,113,873
FR,2019,12,199,1120
FR,2020,1,135,739
FR,2020,2,135,751
FR,2020,3,177,773
FR,2020,4,61,359
FR,2020,5,104,596
FR,2020,6,173,955
FR,2020,7,161,900
FR,2020,8,184,626
FR,2020,9,251,866
FR,2020,10,292,982
FR,2020,11,273,894
FR,2020,12,320,1011
FR,2021,1,255,747
FR,2021,2,211,654
FR,2021,3,371,1127
FR,2021,4,335,886
FR,2021,5,311,795
FR,2021,6,422,974
FR,2021,7,275,835
FR,2021,8,357,748
FR,2021,9,434,900
FR,2021,10,328,674
FR,2021,11,368,831
FR,2021,12,539,992
FR,2022,1,250,603
FR,2022,2,343,737
FR,2022,3,491,979
FR,2022,4,312,702
FR,2022,5,343,736
FR,2022,6,470,929
FR,2022,7,274,677
FR,2022,8,270,695
FR,2022,9,418,900
FR,2022,10,360,759
FR,2022,11,495,939
FR,2022,12,580,1064
FR,2023,1,324,699
FR,2023,2,416,877
FR,2023,3,532,1039
FR,2023,4,383,755
FR,2023,5,456,842
FR,2023,6,547,1029
FR,2023,7,389,744
FR,2023,8,433,779
FR,2023,9,491,906
FR,2023,10,509,882
FR,2023,11,522,943
FR,2023,12,597,1012
FR,2024,1,313,588
FR,2024,2,418,778
FR,2024,3,530,1010
FR,2024,4,439,832
FR,2024,5,486,879
FR,2024,6,561,997
FR,2024,7,463,773
FR,2024,8,394,649
FR,2024,9,535,860
FR,2024,10,507,868
FR,2024,11,502,834
FR,2024,12,639,1004
FR,2025,1,371,639
FR,2025,2,453,716
FR,2025,3,569,944
FR,2025,4,461,714
FR,2025,5,569,854
FR,2025,6,592,890
FR,2025,7,506,781
FR,2025,8,428,666
FR,2025,9,611,892
FR,2025,10,541,810
FR,2025,11,546,838
FR,2025,12,701,974
FR,2026,1,463,646
FR,2026,2,509,741
GE,2016,1,47,1042
GE,2016,2,61,1157
GE,2016,3,55,1417
GE,2016,4,50,1392
GE,2016,5,66,1314
GE,2016,6,47,1451
GE,2016,7,50,1207
GE,2016,8,51,1028
GE,2016,9,96,1434
GE,2016,10,48,1338
GE,2016,11,52,1290
GE,2016,12,70,1584
GE,2017,1,60,1076
GE,2017,2,54,1118
GE,2017,3,81,1444
GE,2017,4,60,1175
GE,2017,5,59,1463
GE,2017,6,117,1524
GE,2017,7,63,1252
GE,2017,8,59,1041
GE,2017,9,90,1287
GE,2017,10,83,1243
GE,2017,11,92,1310
GE,2017,12,88,1393
GE,2018,1,63,1264
GE,2018,2,74,1052
GE,2018,3,101,1305
GE,2018,4,73,1211
GE,2018,5,75,1276
GE,2018,6,111,1337
GE,2018,7,85,1229
GE,2018,8,97,1121
GE,2018,9,91,913
GE,2018,10,106,1224
GE,2018,11,109,1143
GE,2018,12,99,1199
GE,2019,1,128,1114
GE,2019,2,95,987
GE,2019,3,191,1408
GE,2019,4,144,1275
GE,2019,5,166,1290
GE,2019,6,164,1246
GE,2019,7,122,1094
GE,2019,8,128,895
GE,2019,9,210,1068
GE,2019,10,194,1257
GE,2019,11,229,1084
GE,2019,12,307,1465
GE,2020,1,206,939
GE,2020,2,181,879
GE,2020,3,182,583
GE,2020,4,86,438
GE,2020,5,198,779
GE,2020,6,277,1159
GE,2020,7,274,1112
GE,2020,8,213,726
GE,2020,9,388,1065
GE,2020,10,392,1109
GE,2020,11,409,1144
GE,2020,12,584,1344
GE,2021,1,259,787
GE,2021,2,261,802
GE,2021,3,449,1217
GE,2021,4,366,1051
GE,2021,5,370,960
GE,2021,6,530,1160
GE,2021,7,335,829
GE,2021,8,364,700
GE,2021,9,501,939
GE,2021,10,377,770
GE,2021,11,545,1023
GE,2021,12,588,1162
GE,2022,1,356,828
GE,2022,2,359,886
GE,2022,3,564,1095
GE,2022,4,341,745
GE,2022,5,421,892
GE,2022,6,547,1110
GE,2022,7,297,705
GE,2022,8,284,692
GE,2022,9,507,1032
GE,2022,10,344,831
GE,2022,11,497,1000
GE,2022,12,561,1072
GE,2023,1,393,737
GE,2023,2,404,865
GE,2023,3,551,1095
GE,2023,4,357,757
GE,2023,5,493,937
GE,2023,6,550,1065
GE,2023,7,417,789
GE,2023,8,420,761
GE,2023,9,556,1006
GE,2023,10,530,905
GE,2023,11,560,964
GE,2023,12,743,1181
GE,2024,1,425,673
GE,2024,2,544,888
GE,2024,3,636,1061
GE,2024,4,562,907
GE,2024,5,541,955
GE,2024,6,617,1068
GE,2024,7,496,879
GE,2024,8,444,737
GE,2024,9,577,874
GE,2024,10,633,999
GE,2024,11,660,1009
GE,2024,12,716,1142
GE,2025,1,535,807
GE,2025,2,516,787
GE,2025,3,713,1072
GE,2025,4,581,883
GE,2025,5,630,934
GE,2025,6,647,995
GE,2025,7,646,952
GE,2025,8,513,762
GE,2025,9,717,1002
GE,2025,10,654,939
GE,2025,11,663,1007
GE,2025,12,777,1127
GE,2026,1,492,691
GE,2026,2,546,781
GL,2016,1,0,103
GL,2016,2,5,114
GL,2016,3,11,151
GL,2016,4,4,179
GL,2016,5,4,162
GL,2016,6,1,150
GL,2016,7,3,92
GL,2016,8,2,124
GL,2016,9,8,152
GL,2016,10,7,137
GL,2016,11,3,130
GL,2016,12,3,173
GL,2017,1,1,104
GL,2017,2,3,119
GL,2017,3,8,176
GL,2017,4,8,157
GL,2017,5,11,176
GL,2017,6,7,170
GL,2017,7,0,99
GL,2017,8,4,113
GL,2017,9,8,143
GL,2017,10,5,123
GL,2017,11,4,126
GL,2017,12,3,130
GL,2018,1,0,81
GL,2018,2,3,101
GL,2018,3,7,162
GL,2018,4,4,157
GL,2018,5,7,147
GL,2018,6,12,141
GL,2018,7,7,95
GL,2018,8,6,109
GL,2018,9,7,106
GL,2018,10,7,101
GL,2018,11,5,93
GL,2018,12,7,101
GL,2019,1,5,89
GL,2019,2,3,83
GL,2019,3,11,145
GL,2019,4,12,166
GL,2019,5,9,140
GL,2019,6,14,122
GL,2019,7,9,127
GL,2019,8,8,114
GL,2019,9,18,108
GL,2019,10,10,119
GL,2019,11,20,148
GL,2019,12,22,145
GL,2020,1,20,101
GL,2020,2,15,103
GL,2020,3,21,68
GL,2020,4,7,46
GL,2020,5,19,72
GL,2020,6,26,129
GL,2020,7,10,71
GL,2020,8,19,84
GL,2020,9,36,101
GL,2020,10,21,108
GL,2020,11,22,116
GL,2020,12,52,158
GL,2021,1,18,60
GL,2021,2,16,70
GL,2021,3,31,109
GL,2021,4,36,109
GL,2021,5,25,101
GL,2021,6,61,158
GL,2021,7,20,82
GL,2021,8,37,74
GL,2021,9,42,87
GL,2021,10,28,61
GL,2021,11,42,77
GL,2021,12,48,90
GL,2022,1,45,91
GL,2022,2,27,62
GL,2022,3,35,86
GL,2022,4,32,80
GL,2022,5,41,87
GL,2022,6,50,92
GL,2022,7,23,70
GL,2022,8,35,78
GL,2022,9,38,88
GL,2022,10,45,88
GL,2022,11,51,85
GL,2022,12,65,111
GL,2023,1,39,72
GL,2023,2,31,62
GL,2023,3,63,109
GL,2023,4,40,80
GL,2023,5,57,90
GL,2023,6,68,110
GL,2023,7,29,66
GL,2023,8,43,83
GL,2023,9,59,102
GL,2023,10,50,81
GL,2023,11,54,105
GL,2023,12,90,148
GL,2024,1,34,63
GL,2024,2,30,69
GL,2024,3,57,117
GL,2024,4,57,100
GL,2024,5,35,66
GL,2024,6,61,90
GL,2024,7,32,72
GL,2024,8,40,64
GL,2024,9,42,93
GL,2024,10,61,97
GL,2024,11,48,82
GL,2024,12,82,148
GL,2025,1,31,46
GL,2025,2,48,72
GL,2025,3,75,120
GL,2025,4,42,77
GL,2025,5,42,67
GL,2025,6,62,94
GL,2025,7,39,63
GL,2025,8,51,84
GL,2025,9,48,81
GL,2025,10,51,74
GL,2025,11,49,84
GL,2025,12,111,136
GL,2026,1,49,68
GL,2026,2,61,90
GR,2016,1,13,407
GR,2016,2,14,463
GR,2016,3,27,638
GR,2016,4,21,641
GR,2016,5,18,584
GR,2016,6,26,701
GR,2016,7,31,543
GR,2016,8,23,484
GR,2016,9,32,586
GR,2016,10,20,522
GR,2016,11,17,568
GR,2016,12,29,742
GR,2017,1,18,419
GR,2017,2,13,417
GR,2017,3,28,703
GR,2017,4,24,571
GR,2017,5,33,628
GR,2017,6,46,685
GR,2017,7,13,514
GR,2017,8,14,498
GR,2017,9,41,512
GR,2017,10,23,524
GR,2017,11,25,568
GR,2017,12,22,557
GR,2018,1,17,436
GR,2018,2,26,433
GR,2018,3,36,576
GR,2018,4,31,627
GR,2018,5,42,622
GR,2018,6,34,654
GR,2018,7,16,509
GR,2018,8,31,505
GR,2018,9,26,450
GR,2018,10,34,516
GR,2018,11,48,523
GR,2018,12,36,471
GR,2019,1,15,440
GR,2019,2,41,475
GR,2019,3,84,680
GR,2019,4,61,630
GR,2019,5,54,590
GR,2019,6,53,588
GR,2019,7,46,498
GR,2019,8,35,374
GR,2019,9,57,486
GR,2019,10,68,591
GR,2019,11,67,490
GR,2019,12,135,758
GR,2020,1,71,380
GR,2020,2,77,374
GR,2020,3,109,445
GR,2020,4,42,248
GR,2020,5,57,304
GR,2020,6,106,473
GR,2020,7,92,437
GR,2020,8,80,320
GR,2020,9,123,419
GR,2020,10,118,491
GR,2020,11,151,543
GR,2020,12,206,566
GR,2021,1,97,328
GR,2021,2,111,356
GR,2021,3,210,574
GR,2021,4,171,499
GR,2021,5,129,387
GR,2021,6,190,479
GR,2021,7,139,391
GR,2021,8,160,352
GR,2021,9,204,377
GR,2021,10,136,312
GR,2021,11,168,386
GR,2021,12,269,533
GR,2022,1,130,367
GR,2022,2,140,336
GR,2022,3,216,432
GR,2022,4,143,344
GR,2022,5,143,336
GR,2022,6,220,455
GR,2022,7,116,321
GR,2022,8,132,367
GR,2022,9,161,397
GR,2022,10,151,376
GR,2022,11,194,435
GR,2022,12,263,507
GR,2023,1,154,342
GR,2023,2,180,378
GR,2023,3,250,521
GR,2023,4,220,417
GR,2023,5,223,440
GR,2023,6,250,492
GR,2023,7,178,378
GR,2023,8,234,441
GR,2023,9,236,454
GR,2023,10,215,423
GR,2023,11,219,433
GR,2023,12,285,498
GR,2024,1,147,335
GR,2024,2,154,360
GR,2024,3,225,469
GR,2024,4,227,444
GR,2024,5,208,447
GR,2024,6,226,406
GR,2024,7,217,408
GR,2024,8,197,369
GR,2024,9,260,417
GR,2024,10,241,423
GR,2024,11,221,395
GR,2024,12,279,456
GR,2025,1,168,307
GR,2025,2,209,361
GR,2025,3,249,432
GR,2025,4,221,385
GR,2025,5,219,379
GR,2025,6,257,406
GR,2025,7,201,356
GR,2025,8,189,321
GR,2025,9,246,388
GR,2025,10,245,410
GR,2025,11,231,366
GR,2025,12,339,487
GR,2026,1,192,310
GR,2026,2,188,320
JU,2016,1,3,158
JU,2016,2,1,192
JU,2016,3,15,313
JU,2016,4,3,261
JU,2016,5,7,252
JU,2016,6,6,293
JU,2016,7,7,221
JU,2016,8,11,205
JU,2016,9,10,234
JU,2016,10,10,223
JU,2016,11,9,213
JU,2016,12,13,315
JU,2017,1,4,162
JU,2017,2,12,202
JU,2017,3,10,277
JU,2017,4,8,247
JU,2017,5,15,265
JU,2017,6,18,346
JU,2017,7,9,210
JU,2017,8,8,201
JU,2017,9,9,211
JU,2017,10,9,222
JU,2017,11,12,235
JU,2017,12,6,254
JU,2018,1,3,150
JU,2018,2,7,218
JU,2018,3,11,297
JU,2018,4,13,251
JU,2018,5,16,269
JU,2018,6,13,315
JU,2018,7,8,240
JU,2018,8,6,227
JU,2018,9,16,168
JU,2018,10,15,228
JU,2018,11,10,207
JU,2018,12,24,219
JU,2019,1,6,172
JU,2019,2,15,202
JU,2019,3,27,289
JU,2019,4,27,269
JU,2019,5,31,239
JU,2019,6,30,277
JU,2019,7,9,191
JU,2019,8,22,165
JU,2019,9,23,241
JU,2019,10,14,233
JU,2019,11,17,210
JU,2019,12,53,322
JU,2020,1,25,145
JU,2020,2,28,179
JU,2020,3,32,173
JU,2020,4,9,80
JU,2020,5,24,154
JU,2020,6,58,278
JU,2020,7,48,226
JU,2020,8,44,147
JU,2020,9,53,182
JU,2020,10,46,173
JU,2020,11,53,215
JU,2020,12,75,232
JU,2021,1,45,156
JU,2021,2,56,183
JU,2021,3,73,251
JU,2021,4,73,212
JU,2021,5,56,170
JU,2021,6,98,249
JU,2021,7,59,157
JU,2021,8,72,170
JU,2021,9,78,179
JU,2021,10,50,148
JU,2021,11,70,162
JU,2021,12,109,212
JU,2022,1,64,133
JU,2022,2,64,136
JU,2022,3,98,224
JU,2022,4,78,149
JU,2022,5,77,161
JU,2022,6,86,207
JU,2022,7,45,118
JU,2022,8,61,140
JU,2022,9,97,247
JU,2022,10,76,172
JU,2022,11,96,210
JU,2022,12,104,179
JU,2023,1,88,154
JU,2023,2,55,144
JU,2023,3,105,281
JU,2023,4,78,168
JU,2023,5,96,200
JU,2023,6,107,225
JU,2023,7,68,156
JU,2023,8,86,182
JU,2023,9,123,221
JU,2023,10,110,196
JU,2023,11,115,235
JU,2023,12,109,221
JU,2024,1,59,140
JU,2024,2,82,185
JU,2024,3,106,222
JU,2024,4,81,176
JU,2024,5,104,207
JU,2024,6,112,215
JU,2024,7,55,128
JU,2024,8,98,166
JU,2024,9,82,175
JU,2024,10,102,174
JU,2024,11,91,162
JU,2024,12,124,217
JU,2025,1,68,129
JU,2025,2,70,128
JU,2025,3,103,180
JU,2025,4,92,166
JU,2025,5,106,164
JU,2025,6,124,200
JU,2025,7,79,148
JU,2025,8,91,157
JU,2025,9,110,181
JU,2025,10,120,181
JU,2025,11,106,179
JU,2025,12,133,200
JU,2026,1,78,130
JU,2026,2,94,153
LU,2016,1,38,858
LU,2016,2,39,926
LU,2016,3,46,1217
LU,2016,4,47,1304
LU,2016,5,43,1056
LU,2016,6,56,1255
LU,2016,7,45,1021
LU,2016,8,61,945
LU,2016,9,59,1195
LU,2016,10,54,1077
LU,2016,11,51,1081
LU,2016,12,52,1572
LU,2017,1,31,828
LU,2017,2,33,1022
LU,2017,3,56,1392
LU,2017,4,38,1174
LU,2017,5,48,1283
LU,2017,6,63,1342
LU,2017,7,56,1058
LU,2017,8,48,1112
LU,2017,9,69,1200
LU,2017,10,56,1176
LU,2017,11,59,1441
LU,2017,12,63,1213
LU,2018,1,51,1015
LU,2018,2,39,974
LU,2018,3,65,1254
LU,2018,4,54,1173
LU,2018,5,67,1109
LU,2018,6,66,1185
LU,2018,7,62,1040
LU,2018,8,57,883
LU,2018,9,57,892
LU,2018,10,74,1078
LU,2018,11,67,977
LU,2018,12,68,976
LU,2019,1,61,916
LU,2019,2,61,910
LU,2019,3,160,1356
LU,2019,4,108,1213
LU,2019,5,108,1221
LU,2019,6,94,1084
LU,2019,7,89,1064
LU,2019,8,81,862
LU,2019,9,106,1003
LU,2019,10,101,1198
LU,2019,11,111,927
LU,2019,12,250,1196
LU,2020,1,139,810
LU,2020,2,123,798
LU,2020,3,198,942
LU,2020,4,72,462
LU,2020,5,115,594
LU,2020,6,173,920
LU,2020,7,193,883
LU,2020,8,190,718
LU,2020,9,275,950
LU,2020,10,298,920
LU,2020,11,274,919
LU,2020,12,496,1133
LU,2021,1,184,674
LU,2021,2,237,698
LU,2021,3,329,1109
LU,2021,4,371,1001
LU,2021,5,298,875
LU,2021,6,404,982
LU,2021,7,315,821
LU,2021,8,354,756
LU,2021,9,388,823
LU,2021,10,295,660
LU,2021,11,343,776
LU,2021,12,548,1224
LU,2022,1,259,669
LU,2022,2,270,697
LU,2022,3,385,891
LU,2022,4,275,698
LU,2022,5,316,827
LU,2022,6,426,894
LU,2022,7,268,662
LU,2022,8,327,748
LU,2022,9,391,867
LU,2022,10,373,829
LU,2022,11,427,916
LU,2022,12,560,1009
LU,2023,1,355,766
LU,2023,2,352,746
LU,2023,3,607,1163
LU,2023,4,415,845
LU,2023,5,523,1017
LU,2023,6,581,1102
LU,2023,7,403,769
LU,2023,8,455,855
LU,2023,9,508,929
LU,2023,10,501,926
LU,2023,11,478,856
LU,2023,12,713,1089
LU,2024,1,313,645
LU,2024,2,406,720
LU,2024,3,572,1107
LU,2024,4,382,837
LU,2024,5,413,821
LU,2024,6,483,922
LU,2024,7,431,718
LU,2024,8,393,662
LU,2024,9,525,932
LU,2024,10,478,849
LU,2024,11,515,871
LU,2024,12,654,1052
LU,2025,1,437,729
LU,2025,2,396,667
LU,2025,3,569,896
LU,2025,4,484,822
LU,2025,5,567,888
LU,2025,6,564,888
LU,2025,7,549,871
LU,2025,8,417,734
LU,2025,9,556,830
LU,2025,10,551,882
LU,2025,11,572,859
LU,2025,12,715,1011
LU,2026,1,391,621
LU,2026,2,427,685
M,2016,1,1,42
M,2016,2,0,41
M,2016,3,0,51
M,2016,4,0,53
M,2016,5,0,59
M,2016,6,0,194
M,2016,7,0,86
M,2016,8,0,115
M,2016,9,2,50
M,2016,10,0,81
M,2016,11,0,58
M,2016,12,1,49
M,2017,1,0,21
M,2017,2,1,52
M,2017,3,0,70
M,2017,4,0,23
M,2017,5,1,13
M,2017,6,0,43
M,2017,7,1,47
M,2017,8,1,57
M,2017,9,0,74
M,2017,10,0,52
M,2017,11,0,41
M,2017,12,0,24
M,2018,1,0,28
M,2018,2,1,34
M,2018,3,0,22
M,2018,4,0,41
M,2018,5,1,376
M,2018,6,0,81
M,2018,7,0,92
M,2018,8,0,138
M,2018,9,0,3
M,2018,10,0,18
M,2018,11,2,69
M,2018,12,2,74
M,2019,1,3,40
M,2019,2,1,36
M,2019,3,3,45
M,2019,4,3,59
M,2019,5,3,78
M,2019,6,1,53
M,2019,7,1,56
M,2019,8,1,142
M,2019,9,2,36
M,2019,10,2,58
M,2019,11,6,66
M,2019,12,3,122
M,2020,1,1,35
M,2020,2,1,39
M,2020,3,26,77
M,2020,4,3,14
M,2020,5,6,13
M,2020,6,14,32
M,2020,7,2,56
M,2020,8,22,160
M,2020,9,11,244
M,2020,10,3,34
M,2020,11,2,22
M,2020,12,4,26
M,2021,1,8,24
M,2021,2,23,33
M,2021,3,11,33
M,2021,4,20,39
M,2021,5,12,36
M,2021,6,12,48
M,2021,7,9,19
M,2021,8,8,25
M,2021,9,16,29
M,2021,10,11,17
M,2021,11,8,28
M,2021,12,11,17
M,2022,1,6,21
M,2022,2,1,7
M,2022,3,31,47
M,2022,4,10,24
M,2022,5,11,124
M,2022,6,6,18
M,2022,7,15,23
M,2022,8,9,23
M,2022,9,26,63
M,2022,10,22,45
M,2022,11,18,60
M,2022,12,16,30
M,2023,1,23,41
M,2023,2,7,16
M,2023,3,44,63
M,2023,4,21,29
M,2023,5,16,25
M,2023,6,16,21
M,2023,7,16,31
M,2023,8,30,37
M,2023,9,16,22
M,2023,10,24,38
M,2023,11,78,135
M,2023,12,23,26
M,2024,1,22,36
M,2024,2,32,38
M,2024,3,33,47
M,2024,4,57,64
M,2024,5,30,47
M,2024,6,16,17
M,2024,7,34,39
M,2024,8,15,21
M,2024,9,46,50
M,2024,10,34,47
M,2024,11,32,68
M,2024,12,11,20
M,2025,1,3,5
M,2025,2,55,76
M,2025,3,60,64
M,2025,4,7,9
M,2025,5,16,16
M,2025,6,23,57
M,2025,7,31,144
M,2025,8,42,138
M,2025,9,25,26
M,2025,10,36,39
M,2025,11,48,62
M,2025,12,222,222
M,2026,1,101,102
M,2026,2,70,73
NE,2016,1,15,432
NE,2016,2,11,422
NE,2016,3,21,654
NE,2016,4,15,676
NE,2016,5,7,523
NE,2016,6,10,684
NE,2016,7,10,474
NE,2016,8,12,480
NE,2016,9,25,603
NE,2016,10,8,498
NE,2016,11,12,587
NE,2016,12,28,838
NE,2017,1,13,434
NE,2017,2,15,463
NE,2017,3,27,655
NE,2017,4,19,678
NE,2017,5,12,607
NE,2017,6,30,659
NE,2017,7,11,460
NE,2017,8,20,527
NE,2017,9,30,530
NE,2017,10,23,530
NE,2017,11,21,610
NE,2017,12,17,580
NE,2018,1,11,431
NE,2018,2,26,463
NE,2018,3,23,671
NE,2018,4,24,605
NE,2018,5,23,560
NE,2018,6,17,639
NE,2018,7,13,453
NE,2018,8,26,484
NE,2018,9,19,414
NE,2018,10,34,480
NE,2018,11,22,509
NE,2018,12,39,508
NE,2019,1,17,434
NE,2019,2,23,459
NE,2019,3,50,606
NE,2019,4,53,584
NE,2019,5,37,572
NE,2019,6,42,601
NE,2019,7,30,569
NE,2019,8,37,411
NE,2019,9,41,489
NE,2019,10,44,550
NE,2019,11,51,503
NE,2019,12,116,671
NE,2020,1,50,343
NE,2020,2,56,372
NE,2020,3,67,328
NE,2020,4,31,185
NE,2020,5,39,269
NE,2020,6,98,503
NE,2020,7,84,420
NE,2020,8,76,318
NE,2020,9,127,457
NE,2020,10,113,409
NE,2020,11,151,442
NE,2020,12,200,544
NE,2021,1,81,297
NE,2021,2,76,309
NE,2021,3,165,555
NE,2021,4,140,444
NE,2021,5,136,400
NE,2021,6,202,510
NE,2021,7,131,399
NE,2021,8,140,367
NE,2021,9,199,441
NE,2021,10,124,317
NE,2021,11,167,397
NE,2021,12,227,518
NE,2022,1,112,308
NE,2022,2,138,357
NE,2022,3,252,556
NE,2022,4,134,351
NE,2022,5,222,441
NE,2022,6,199,450
NE,2022,7,90,236
NE,2022,8,118,313
NE,2022,9,228,474
NE,2022,10,112,290
NE,2022,11,198,471
NE,2022,12,212,491
NE,2023,1,139,336
NE,2023,2,150,398
NE,2023,3,240,569
NE,2023,4,135,343
NE,2023,5,186,420
NE,2023,6,258,530
NE,2023,7,147,314
NE,2023,8,209,442
NE,2023,9,208,429
NE,2023,10,193,380
NE,2023,11,263,511
NE,2023,12,255,462
NE,2024,1,137,293
NE,2024,2,226,421
NE,2024,3,238,495
NE,2024,4,187,421
NE,2024,5,179,394
NE,2024,6,234,464
NE,2024,7,189,341
NE,2024,8,167,302
NE,2024,9,222,446
NE,2024,10,201,402
NE,2024,11,229,391
NE,2024,12,265,539
NE,2025,1,200,318
NE,2025,2,213,345
NE,2025,3,237,409
NE,2025,4,231,369
NE,2025,5,241,395
NE,2025,6,280,470
NE,2025,7,198,339
NE,2025,8,225,356
NE,2025,9,270,439
NE,2025,10,262,391
NE,2025,11,274,405
NE,2025,12,274,433
NE,2026,1,205,284
NE,2026,2,203,317
NW,2016,1,3,89
NW,2016,2,5,109
NW,2016,3,6,129
NW,2016,4,8,181
NW,2016,5,4,126
NW,2016,6,7,168
NW,2016,7,3,126
NW,2016,8,8,115
NW,2016,9,13,115
NW,2016,10,6,106
NW,2016,11,7,118
NW,2016,12,4,144
NW,2017,1,4,90
NW,2017,2,3,116
NW,2017,3,11,148
NW,2017,4,13,146
NW,2017,5,7,134
NW,2017,6,10,156
NW,2017,7,9,117
NW,2017,8,6,108
NW,2017,9,9,111
NW,2017,10,4,123
NW,2017,11,6,138
NW,2017,12,9,116
NW,2018,1,6,111
NW,2018,2,3,106
NW,2018,3,14,133
NW,2018,4,7,137
NW,2018,5,9,141
NW,2018,6,7,122
NW,2018,7,10,100
NW,2018,8,11,107
NW,2018,9,5,78
NW,2018,10,5,86
NW,2018,11,11,120
NW,2018,12,8,99
NW,2019,1,9,100
NW,2019,2,5,86
NW,2019,3,19,150
NW,2019,4,12,148
NW,2019,5,15,123
NW,2019,6,14,111
NW,2019,7,14,106
NW,2019,8,14,97
NW,2019,9,16,107
NW,2019,10,7,133
NW,2019,11,11,91
NW,2019,12,33,132
NW,2020,1,13,80
NW,2020,2,17,74
NW,2020,3,24,86
NW,2020,4,8,57
NW,2020,5,21,68
NW,2020,6,23,90
NW,2020,7,13,90
NW,2020,8,24,76
NW,2020,9,31,98
NW,2020,10,30,95
NW,2020,11,45,121
NW,2020,12,35,105
NW,2021,1,22,74
NW,2021,2,28,80
NW,2021,3,41,126
NW,2021,4,39,103
NW,2021,5,23,87
NW,2021,6,58,115
NW,2021,7,34,81
NW,2021,8,47,85
NW,2021,9,46,90
NW,2021,10,33,72
NW,2021,11,29,81
NW,2021,12,65,126
NW,2022,1,36,86
NW,2022,2,36,77
NW,2022,3,53,109
NW,2022,4,48,102
NW,2022,5,35,93
NW,2022,6,47,95
NW,2022,7,50,103
NW,2022,8,24,69
NW,2022,9,52,98
NW,2022,10,32,86
NW,2022,11,43,94
NW,2022,12,78,136
NW,2023,1,47,101
NW,2023,2,41,88
NW,2023,3,71,134
NW,2023,4,60,120
NW,2023,5,54,108
NW,2023,6,52,96
NW,2023,7,44,83
NW,2023,8,53,96
NW,2023,9,56,112
NW,2023,10,69,110
NW,2023,11,73,125
NW,2023,12,78,127
NW,2024,1,35,89
NW,2024,2,51,103
NW,2024,3,46,111
NW,2024,4,44,107
NW,2024,5,62,112
NW,2024,6,78,128
NW,2024,7,54,96
NW,2024,8,47,86
NW,2024,9,55,91
NW,2024,10,65,101
NW,2024,11,56,95
NW,2024,12,72,123
NW,2025,1,37,61
NW,2025,2,44,90
NW,2025,3,72,122
NW,2025,4,44,96
NW,2025,5,55,86
NW,2025,6,78,122
NW,2025,7,64,96
NW,2025,8,55,93
NW,2025,9,63,95
NW,2025,10,68,92
NW,2025,11,51,96
NW,2025,12,87,125
NW,2026,1,50,74
NW,2026,2,43,68
OW,2016,1,7,67
OW,2016,2,7,92
OW,2016,3,4,138
OW,2016,4,11,132
OW,2016,5,8,104
OW,2016,6,4,105
OW,2016,7,4,89
OW,2016,8,8,87
OW,2016,9,4,105
OW,2016,10,6,93
OW,2016,11,6,89
OW,2016,12,6,88
OW,2017,1,6,74
OW,2017,2,3,84
OW,2017,3,7,128
OW,2017,4,10,106
OW,2017,5,3,101
OW,2017,6,7,109
OW,2017,7,4,88
OW,2017,8,5,102
OW,2017,9,13,87
OW,2017,10,12,102
OW,2017,11,11,99
OW,2017,12,38,131
OW,2018,1,7,76
OW,2018,2,2,76
OW,2018,3,10,115
OW,2018,4,18,112
OW,2018,5,8,107
OW,2018,6,16,126
OW,2018,7,4,82
OW,2018,8,12,95
OW,2018,9,23,88
OW,2018,10,6,90
OW,2018,11,7,66
OW,2018,12,11,72
OW,2019,1,13,76
OW,2019,2,5,82
OW,2019,3,22,115
OW,2019,4,13,119
OW,2019,5,16,107
OW,2019,6,18,83
OW,2019,7,14,78
OW,2019,8,9,73
OW,2019,9,9,91
OW,2019,10,9,101
OW,2019,11,15,92
OW,2019,12,4,112
OW,2020,1,15,61
OW,2020,2,14,60
OW,2020,3,32,93
OW,2020,4,9,34
OW,2020,5,15,51
OW,2020,6,19,69
OW,2020,7,20,65
OW,2020,8,18,62
OW,2020,9,36,74
OW,2020,10,25,57
OW,2020,11,31,87
OW,2020,12,39,100
OW,2021,1,31,67
OW,2021,2,24,48
OW,2021,3,37,91
OW,2021,4,43,94
OW,2021,5,22,59
OW,2021,6,35,92
OW,2021,7,31,72
OW,2021,8,31,61
OW,2021,9,52,81
OW,2021,10,21,45
OW,2021,11,29,54
OW,2021,12,62,100
OW,2022,1,28,53
OW,2022,2,30,60
OW,2022,3,34,67
OW,2022,4,35,63
OW,2022,5,26,59
OW,2022,6,40,71
OW,2022,7,21,44
OW,2022,8,28,68
OW,2022,9,35,71
OW,2022,10,33,70
OW,2022,11,53,84
OW,2022,12,40,76
OW,2023,1,37,67
OW,2023,2,32,59
OW,2023,3,49,95
OW,2023,4,50,84
OW,2023,5,56,101
OW,2023,6,41,83
OW,2023,7,44,87
OW,2023,8,27,69
OW,2023,9,35,57
OW,2023,10,55,91
OW,2023,11,45,85
OW,2023,12,58,84
OW,2024,1,24,55
OW,2024,2,51,92
OW,2024,3,38,84
OW,2024,4,57,111
OW,2024,5,56,89
OW,2024,6,47,88
OW,2024,7,31,69
OW,2024,8,32,61
OW,2024,9,43,80
OW,2024,10,44,68
OW,2024,11,47,78
OW,2024,12,67,85
OW,2025,1,29,64
OW,2025,2,42,70
OW,2025,3,53,77
OW,2025,4,60,94
OW,2025,5,44,67
OW,2025,6,50,78
OW,2025,7,41,74
OW,2025,8,47,68
OW,2025,9,53,75
OW,2025,10,59,75
OW,2025,11,62,88
OW,2025,12,78,105
OW,2026,1,28,44
OW,2026,2,47,63
P,2017,10,0,1
P,2019,1,0,1
P,2019,2,0,2
P,2019,9,0,1
P,2023,1,1,1
P,2024,8,1,1
P,2024,11,1,1
P,2024,12,0,1
SG,2016,1,36,994
SG,2016,2,43,1097
SG,2016,3,74,1493
SG,2016,4,57,1501
SG,2016,5,41,1259
SG,2016,6,62,1469
SG,2016,7,45,1130
SG,2016,8,44,1085
SG,2016,9,78,1343
SG,2016,10,60,1203
SG,2016,11,50,1319
SG,2016,12,57,1599
SG,2017,1,40,963
SG,2017,2,60,1059
SG,2017,3,70,1557
SG,2017,4,62,1259
SG,2017,5,67,1387
SG,2017,6,84,1481
SG,2017,7,53,1146
SG,2017,8,78,1171
SG,2017,9,107,1229
SG,2017,10,57,1181
SG,2017,11,88,1278
SG,2017,12,66,1195
SG,2018,1,52,1148
SG,2018,2,69,1072
SG,2018,3,93,1346
SG,2018,4,87,1361
SG,2018,5,77,1345
SG,2018,6,106,1413
SG,2018,7,54,1141
SG,2018,8,79,1066
SG,2018,9,100,1069
SG,2018,10,100,1160
SG,2018,11,100,1081
SG,2018,12,91,1173
SG,2019,1,95,1068
SG,2019,2,102,1073
SG,2019,3,196,1491
SG,2019,4,136,1353
SG,2019,5,134,1340
SG,2019,6,143,1230
SG,2019,7,93,1135
SG,2019,8,112,1130
SG,2019,9,159,1183
SG,2019,10,149,1263
SG,2019,11,155,1175
SG,2019,12,337,2299
SG,2020,1,154,921
SG,2020,2,188,941
SG,2020,3,224,975
SG,2020,4,111,487
SG,2020,5,131,682
SG,2020,6,248,1039
SG,2020,7,224,949
SG,2020,8,263,884
SG,2020,9,386,1089
SG,2020,10,309,1005
SG,2020,11,355,1177
SG,2020,12,570,1440
SG,2021,1,301,857
SG,2021,2,302,890
SG,2021,3,443,1227
SG,2021,4,397,1124
SG,2021,5,348,952
SG,2021,6,512,1173
SG,2021,7,314,806
SG,2021,8,411,886
SG,2021,9,461,972
SG,2021,10,344,725
SG,2021,11,436,919
SG,2021,12,617,1310
SG,2022,1,381,813
SG,2022,2,414,853
SG,2022,3,534,1103
SG,2022,4,382,855
SG,2022,5,400,852
SG,2022,6,526,1091
SG,2022,7,322,771
SG,2022,8,349,851
SG,2022,9,547,1130
SG,2022,10,397,880
SG,2022,11,495,1012
SG,2022,12,750,1334
SG,2023,1,444,869
SG,2023,2,394,815
SG,2023,3,653,1267
SG,2023,4,498,978
SG,2023,5,557,1062
SG,2023,6,674,1219
SG,2023,7,451,902
SG,2023,8,594,1066
SG,2023,9,665,1156
SG,2023,10,518,966
SG,2023,11,553,1028
SG,2023,12,820,1350
SG,2024,1,404,788
SG,2024,2,456,914
SG,2024,3,625,1178
SG,2024,4,487,960
SG,2024,5,509,982
SG,2024,6,560,1031
SG,2024,7,440,833
SG,2024,8,448,801
SG,2024,9,618,1046
SG,2024,10,538,995
SG,2024,11,604,985
SG,2024,12,827,1270
SG,2025,1,441,764
SG,2025,2,458,792
SG,2025,3,648,1086
SG,2025,4,560,944
SG,2025,5,586,973
SG,2025,6,628,982
SG,2025,7,543,906
SG,2025,8,491,854
SG,2025,9,656,993
SG,2025,10,603,914
SG,2025,11,647,998
SG,2025,12,976,1329
SG,2026,1,414,701
SG,2026,2,472,789
SH,2016,1,4,192
SH,2016,2,6,160
SH,2016,3,8,216
SH,2016,4,3,219
SH,2016,5,9,178
SH,2016,6,6,203
SH,2016,7,5,158
SH,2016,8,9,158
SH,2016,9,8,193
SH,2016,10,10,188
SH,2016,11,4,194
SH,2016,12,6,210
SH,2017,1,2,148
SH,2017,2,7,160
SH,2017,3,8,234
SH,2017,4,10,189
SH,2017,5,6,202
SH,2017,6,15,212
SH,2017,7,8,168
SH,2017,8,3,165
SH,2017,9,17,180
SH,2017,10,10,189
SH,2017,11,13,177
SH,2017,12,28,174
SH,2018,1,6,141
SH,2018,2,3,138
SH,2018,3,8,176
SH,2018,4,15,210
SH,2018,5,8,186
SH,2018,6,14,202
SH,2018,7,5,181
SH,2018,8,10,157
SH,2018,9,13,158
SH,2018,10,17,185
SH,2018,11,8,158
SH,2018,12,29,176
SH,2019,1,10,165
SH,2019,2,18,155
SH,2019,3,35,196
SH,2019,4,22,196
SH,2019,5,11,165
SH,2019,6,28,199
SH,2019,7,14,169
SH,2019,8,11,174
SH,2019,9,17,168
SH,2019,10,25,208
SH,2019,11,22,206
SH,2019,12,48,206
SH,2020,1,13,108
SH,2020,2,23,132
SH,2020,3,28,161
SH,2020,4,16,71
SH,2020,5,19,94
SH,2020,6,34,152
SH,2020,7,32,156
SH,2020,8,34,121
SH,2020,9,52,153
SH,2020,10,53,189
SH,2020,11,45,167
SH,2020,12,79,219
SH,2021,1,36,108
SH,2021,2,38,136
SH,2021,3,67,219
SH,2021,4,77,176
SH,2021,5,44,125
SH,2021,6,72,192
SH,2021,7,59,137
SH,2021,8,63,130
SH,2021,9,71,169
SH,2021,10,54,121
SH,2021,11,78,167
SH,2021,12,105,204
SH,2022,1,54,125
SH,2022,2,67,147
SH,2022,3,82,184
SH,2022,4,57,132
SH,2022,5,53,135
SH,2022,6,100,185
SH,2022,7,49,111
SH,2022,8,72,174
SH,2022,9,66,153
SH,2022,10,71,161
SH,2022,11,66,148
SH,2022,12,86,190
SH,2023,1,72,153
SH,2023,2,77,144
SH,2023,3,89,198
SH,2023,4,72,149
SH,2023,5,85,168
SH,2023,6,106,184
SH,2023,7,80,154
SH,2023,8,91,173
SH,2023,9,96,183
SH,2023,10,92,153
SH,2023,11,85,165
SH,2023,12,102,187
SH,2024,1,69,125
SH,2024,2,79,143
SH,2024,3,107,204
SH,2024,4,57,130
SH,2024,5,77,159
SH,2024,6,83,165
SH,2024,7,76,149
SH,2024,8,70,130
SH,2024,9,98,184
SH,2024,10,76,148
SH,2024,11,96,160
SH,2024,12,123,226
SH,2025,1,75,124
SH,2025,2,65,120
SH,2025,3,104,177
SH,2025,4,78,137
SH,2025,5,88,151
SH,2025,6,112,180
SH,2025,7,87,142
SH,2025,8,84,146
SH,2025,9,112,167
SH,2025,10,93,154
SH,2025,11,103,153
SH,2025,12,113,176
SH,2026,1,71,108
SH,2026,2,84,137
SO,2016,1,23,522
SO,2016,2,12,587
SO,2016,3,36,769
SO,2016,4,19,791
SO,2016,5,26,672
SO,2016,6,21,817
SO,2016,7,24,637
SO,2016,8,29,658
SO,2016,9,40,680
SO,2016,10,21,622
SO,2016,11,22,775
SO,2016,12,26,839
SO,2017,1,13,519
SO,2017,2,27,595
SO,2017,3,40,812
SO,2017,4,22,698
SO,2017,5,19,737
SO,2017,6,45,875
SO,2017,7,27,680
SO,2017,8,23,595
SO,2017,9,46,689
SO,2017,10,37,701
SO,2017,11,34,659
SO,2017,12,58,726
SO,2018,1,37,636
SO,2018,2,47,604
SO,2018,3,47,776
SO,2018,4,37,714
SO,2018,5,20,728
SO,2018,6,26,780
SO,2018,7,28,648
SO,2018,8,22,586
SO,2018,9,34,568
SO,2018,10,73,626
SO,2018,11,61,641
SO,2018,12,90,697
SO,2019,1,27,523
SO,2019,2,40,551
SO,2019,3,91,775
SO,2019,4,62,715
SO,2019,5,58,631
SO,2019,6,68,718
SO,2019,7,50,608
SO,2019,8,52,563
SO,2019,9,92,664
SO,2019,10,50,690
SO,2019,11,64,605
SO,2019,12,127,803
SO,2020,1,62,459
SO,2020,2,63,460
SO,2020,3,171,663
SO,2020,4,45,274
SO,2020,5,74,371
SO,2020,6,118,572
SO,2020,7,84,510
SO,2020,8,120,473
SO,2020,9,186,626
SO,2020,10,152,597
SO,2020,11,176,578
SO,2020,12,262,648
SO,2021,1,121,418
SO,2021,2,144,438
SO,2021,3,226,723
SO,2021,4,179,548
SO,2021,5,188,518
SO,2021,6,239,599
SO,2021,7,178,474
SO,2021,8,189,470
SO,2021,9,221,510
SO,2021,10,190,411
SO,2021,11,245,509
SO,2021,12,342,673
SO,2022,1,189,444
SO,2022,2,187,465
SO,2022,3,285,600
SO,2022,4,146,382
SO,2022,5,212,450
SO,2022,6,254,530
SO,2022,7,177,425
SO,2022,8,188,437
SO,2022,9,261,604
SO,2022,10,233,511
SO,2022,11,276,616
SO,2022,12,331,643
SO,2023,1,234,453
SO,2023,2,224,463
SO,2023,3,339,692
SO,2023,4,235,469
SO,2023,5,267,525
SO,2023,6,344,673
SO,2023,7,260,513
SO,2023,8,310,567
SO,2023,9,336,596
SO,2023,10,303,536
SO,2023,11,326,598
SO,2023,12,430,704
SO,2024,1,238,446
SO,2024,2,261,493
SO,2024,3,310,584
SO,2024,4,243,483
SO,2024,5,258,498
SO,2024,6,319,582
SO,2024,7,246,455
SO,2024,8,278,464
SO,2024,9,357,571
SO,2024,10,273,480
SO,2024,11,344,551
SO,2024,12,398,646
SO,2025,1,241,404
SO,2025,2,232,411
SO,2025,3,351,570
SO,2025,4,288,481
SO,2025,5,351,541
SO,2025,6,348,552
SO,2025,7,289,468
SO,2025,8,254,411
SO,2025,9,375,536
SO,2025,10,376,531
SO,2025,11,362,534
SO,2025,12,491,690
SO,2026,1,260,388
SO,2026,2,279,415
SZ,2016,1,12,414
SZ,2016,2,7,393
SZ,2016,3,22,567
SZ,2016,4,17,636
SZ,2016,5,26,485
SZ,2016,6,19,572
SZ,2016,7,19,463
SZ,2016,8,19,460
SZ,2016,9,26,525
SZ,2016,10,18,425
SZ,2016,11,22,482
SZ,2016,12,20,611
SZ,2017,1,15,386
SZ,2017,2,9,388
SZ,2017,3,29,640
SZ,2017,4,24,511
SZ,2017,5,27,514
SZ,2017,6,38,606
SZ,2017,7,23,470
SZ,2017,8,24,404
SZ,2017,9,31,495
SZ,2017,10,40,462
SZ,2017,11,23,467
SZ,2017,12,35,506
SZ,2018,1,16,400
SZ,2018,2,20,386
SZ,2018,3,45,540
SZ,2018,4,33,560
SZ,2018,5,28,513
SZ,2018,6,42,567
SZ,2018,7,30,498
SZ,2018,8,38,426
SZ,2018,9,34,364
SZ,2018,10,31,430
SZ,2018,11,62,425
SZ,2018,12,48,460
SZ,2019,1,22,371
SZ,2019,2,30,373
SZ,2019,3,78,602
SZ,2019,4,45,539
SZ,2019,5,54,554
SZ,2019,6,68,526
SZ,2019,7,43,437
SZ,2019,8,50,420
SZ,2019,9,65,475
SZ,2019,10,57,539
SZ,2019,11,69,471
SZ,2019,12,122,597
SZ,2020,1,52,356
SZ,2020,2,65,329
SZ,2020,3,107,443
SZ,2020,4,47,220
SZ,2020,5,58,274
SZ,2020,6,110,445
SZ,2020,7,82,390
SZ,2020,8,77,313
SZ,2020,9,147,431
SZ,2020,10,109,385
SZ,2020,11,140,433
SZ,2020,12,195,500
SZ,2021,1,87,324
SZ,2021,2,116,306
SZ,2021,3,137,464
SZ,2021,4,141,415
SZ,2021,5,137,380
SZ,2021,6,176,438
SZ,2021,7,128,361
SZ,2021,8,146,334
SZ,2021,9,199,398
SZ,2021,10,135,304
SZ,2021,11,167,377
SZ,2021,12,210,494
SZ,2022,1,153,369
SZ,2022,2,140,310
SZ,2022,3,204,449
SZ,2022,4,137,352
SZ,2022,5,139,341
SZ,2022,6,175,378
SZ,2022,7,117,307
SZ,2022,8,142,347
SZ,2022,9,201,464
SZ,2022,10,158,376
SZ,2022,11,218,435
SZ,2022,12,288,540
SZ,2023,1,169,379
SZ,2023,2,143,324
SZ,2023,3,271,528
SZ,2023,4,182,385
SZ,2023,5,243,453
SZ,2023,6,253,475
SZ,2023,7,186,403
SZ,2023,8,197,372
SZ,2023,9,230,425
SZ,2023,10,241,442
SZ,2023,11,224,422
SZ,2023,12,351,595
SZ,2024,1,132,298
SZ,2024,2,161,322
SZ,2024,3,223,433
SZ,2024,4,174,389
SZ,2024,5,204,392
SZ,2024,6,246,423
SZ,2024,7,214,376
SZ,2024,8,188,320
SZ,2024,9,206,393
SZ,2024,10,227,376
SZ,2024,11,216,376
SZ,2024,12,303,458
SZ,2025,1,157,293
SZ,2025,2,183,320
SZ,2025,3,278,481
SZ,2025,4,231,380
SZ,2025,5,238,386
SZ,2025,6,238,385
SZ,2025,7,226,374
SZ,2025,8,200,308
SZ,2025,9,262,403
SZ,2025,10,246,377
SZ,2025,11,247,372
SZ,2025,12,330,477
SZ,2026,1,169,272
SZ,2026,2,198,327
TG,2016,1,25,558
TG,2016,2,24,591
TG,2016,3,44,857
TG,2016,4,42,788
TG,2016,5,40,698
TG,2016,6,32,834
TG,2016,7,28,705
TG,2016,8,29,642
TG,2016,9,49,770
TG,2016,10,25,739
TG,2016,11,24,740
TG,2016,12,40,899
TG,2017,1,23,538
TG,2017,2,32,532
TG,2017,3,49,968
TG,2017,4,42,716
TG,2017,5,35,710
TG,2017,6,35,779
TG,2017,7,29,609
TG,2017,8,41,609
TG,2017,9,49,634
TG,2017,10,43,625
TG,2017,11,41,646
TG,2017,12,34,755
TG,2018,1,31,616
TG,2018,2,29,585
TG,2018,3,60,784
TG,2018,4,46,725
TG,2018,5,39,684
TG,2018,6,60,768
TG,2018,7,26,551
TG,2018,8,37,603
TG,2018,9,53,565
TG,2018,10,52,571
TG,2018,11,51,627
TG,2018,12,60,600
TG,2019,1,73,587
TG,2019,2,79,605
TG,2019,3,113,888
TG,2019,4,94,799
TG,2019,5,49,653
TG,2019,6,88,750
TG,2019,7,94,652
TG,2019,8,73,508
TG,2019,9,140,731
TG,2019,10,74,664
TG,2019,11,92,666
TG,2019,12,185,855
TG,2020,1,52,434
TG,2020,2,110,503
TG,2020,3,125,546
TG,2020,4,60,302
TG,2020,5,95,393
TG,2020,6,143,572
TG,2020,7,134,507
TG,2020,8,110,462
TG,2020,9,201,578
TG,2020,10,175,596
TG,2020,11,190,569
TG,2020,12,253,712
TG,2021,1,159,449
TG,2021,2,169,463
TG,2021,3,243,716
TG,2021,4,248,621
TG,2021,5,192,522
TG,2021,6,267,610
TG,2021,7,211,500
TG,2021,8,213,463
TG,2021,9,294,585
TG,2021,10,194,414
TG,2021,11,245,557
TG,2021,12,331,625
TG,2022,1,237,518
TG,2022,2,217,472
TG,2022,3,346,681
TG,2022,4,220,548
TG,2022,5,254,503
TG,2022,6,304,606
TG,2022,7,186,453
TG,2022,8,222,482
TG,2022,9,262,562
TG,2022,10,220,502
TG,2022,11,295,616
TG,2022,12,358,676
TG,2023,1,248,491
TG,2023,2,243,472
TG,2023,3,359,740
TG,2023,4,235,500
TG,2023,5,278,555
TG,2023,6,363,677
TG,2023,7,259,499
TG,2023,8,330,568
TG,2023,9,308,561
TG,2023,10,297,548
TG,2023,11,315,579
TG,2023,12,394,672
TG,2024,1,207,418
TG,2024,2,252,540
TG,2024,3,392,730
TG,2024,4,272,526
TG,2024,5,273,533
TG,2024,6,252,511
TG,2024,7,270,479
TG,2024,8,219,414
TG,2024,9,279,513
TG,2024,10,278,508
TG,2024,11,268,469
TG,2024,12,335,617
TG,2025,1,252,454
TG,2025,2,238,455
TG,2025,3,393,612
TG,2025,4,322,534
TG,2025,5,353,587
TG,2025,6,345,533
TG,2025,7,304,485
TG,2025,8,287,489
TG,2025,9,358,537
TG,2025,10,349,564
TG,2025,11,391,578
TG,2025,12,523,695
TG,2026,1,257,480
TG,2026,2,288,475
TI,2016,1,67,1248
TI,2016,2,81,1497
TI,2016,3,98,1814
TI,2016,4,63,1731
TI,2016,5,60,1576
TI,2016,6,80,1672
TI,2016,7,78,1538
TI,2016,8,65,1396
TI,2016,9,101,1808
TI,2016,10,78,1643
TI,2016,11,95,1736
TI,2016,12,103,2101
TI,2017,1,62,1230
TI,2017,2,60,1429
TI,2017,3,106,1875
TI,2017,4,77,1574
TI,2017,5,84,1704
TI,2017,6,91,1641
TI,2017,7,79,1458
TI,2017,8,64,1366
TI,2017,9,117,1647
TI,2017,10,94,1655
TI,2017,11,106,1647
TI,2017,12,94,1859
TI,2018,1,69,1251
TI,2018,2,85,1295
TI,2018,3,116,1606
TI,2018,4,98,1533
TI,2018,5,87,1586
TI,2018,6,108,1667
TI,2018,7,108,1565
TI,2018,8,72,1259
TI,2018,9,111,1310
TI,2018,10,117,1551
TI,2018,11,119,1568
TI,2018,12,132,1495
TI,2019,1,97,1348
TI,2019,2,103,1287
TI,2019,3,158,1595
TI,2019,4,155,1712
TI,2019,5,138,1599
TI,2019,6,128,1504
TI,2019,7,128,1401
TI,2019,8,117,1042
TI,2019,9,201,1634
TI,2019,10,184,1792
TI,2019,11,185,1502
TI,2019,12,278,1946
TI,2020,1,184,1206
TI,2020,2,165,1172
TI,2020,3,146,697
TI,2020,4,63,432
TI,2020,5,168,953
TI,2020,6,260,1526
TI,2020,7,245,1378
TI,2020,8,247,946
TI,2020,9,364,1278
TI,2020,10,413,1491
TI,2020,11,435,1555
TI,2020,12,587,1684
TI,2021,1,248,967
TI,2021,2,307,1070
TI,2021,3,415,1485
TI,2021,4,431,1297
TI,2021,5,463,1260
TI,2021,6,578,1412
TI,2021,7,401,1121
TI,2021,8,391,988
TI,2021,9,563,1157
TI,2021,10,437,1060
TI,2021,11,468,1135
TI,2021,12,658,1328
TI,2022,1,389,1067
TI,2022,2,431,1076
TI,2022,3,567,1292
TI,2022,4,388,943
TI,2022,5,473,1173
TI,2022,6,490,1161
TI,2022,7,334,955
TI,2022,8,376,1018
TI,2022,9,573,1325
TI,2022,10,462,1190
TI,2022,11,516,1338
TI,2022,12,604,1319
TI,2023,1,501,1143
TI,2023,2,427,1089
TI,2023,3,707,1660
TI,2023,4,478,1118
TI,2023,5,541,1212
TI,2023,6,641,1390
TI,2023,7,550,1160
TI,2023,8,530,1158
TI,2023,9,768,1558
TI,2023,10,702,1458
TI,2023,11,728,1451
TI,2023,12,727,1355
TI,2024,1,404,934
TI,2024,2,523,1134
TI,2024,3,661,1373
TI,2024,4,482,1174
TI,2024,5,453,1117
TI,2024,6,602,1223
TI,2024,7,548,1132
TI,2024,8,481,917
TI,2024,9,609,1199
TI,2024,10,629,1232
TI,2024,11,695,1252
TI,2024,12,720,1331
TI,2025,1,512,926
TI,2025,2,571,1015
TI,2025,3,645,1179
TI,2025,4,547,1043
TI,2025,5,563,1004
TI,2025,6,665,1158
TI,2025,7,605,1052
TI,2025,8,457,818
TI,2025,9,748,1192
TI,2025,10,728,1183
TI,2025,11,717,1172
TI,2025,12,843,1303
TI,2026,1,510,801
TI,2026,2,542,910
UR,2016,1,0,73
UR,2016,2,1,71
UR,2016,3,3,106
UR,2016,4,0,112
UR,2016,5,1,71
UR,2016,6,2,95
UR,2016,7,0,77
UR,2016,8,2,78
UR,2016,9,5,95
UR,2016,10,7,95
UR,2016,11,4,110
UR,2016,12,4,102
UR,2017,1,2,72
UR,2017,2,1,77
UR,2017,3,4,112
UR,2017,4,3,119
UR,2017,5,3,104
UR,2017,6,5,108
UR,2017,7,1,96
UR,2017,8,4,87
UR,2017,9,5,72
UR,2017,10,2,92
UR,2017,11,4,89
UR,2017,12,3,83
UR,2018,1,0,72
UR,2018,2,1,71
UR,2018,3,5,108
UR,2018,4,4,123
UR,2018,5,2,91
UR,2018,6,5,105
UR,2018,7,2,94
UR,2018,8,2,81
UR,2018,9,6,58
UR,2018,10,2,74
UR,2018,11,4,88
UR,2018,12,1,51
UR,2019,1,1,70
UR,2019,2,4,92
UR,2019,3,9,118
UR,2019,4,9,115
UR,2019,5,11,99
UR,2019,6,5,88
UR,2019,7,11,82
UR,2019,8,9,84
UR,2019,9,5,98
UR,2019,10,7,86
UR,2019,11,6,71
UR,2019,12,12,80
UR,2020,1,9,66
UR,2020,2,7,61
UR,2020,3,18,78
UR,2020,4,8,51
UR,2020,5,9,57
UR,2020,6,6,70
UR,2020,7,18,91
UR,2020,8,13,52
UR,2020,9,14,76
UR,2020,10,23,92
UR,2020,11,18,78
UR,2020,12,28,80
UR,2021,1,15,71
UR,2021,2,25,65
UR,2021,3,27,88
UR,2021,4,21,91
UR,2021,5,25,83
UR,2021,6,30,85
UR,2021,7,21,64
UR,2021,8,22,66
UR,2021,9,38,71
UR,2021,10,21,50
UR,2021,11,27,69
UR,2021,12,42,90
UR,2022,1,22,55
UR,2022,2,19,51
UR,2022,3,33,78
UR,2022,4,22,68
UR,2022,5,21,74
UR,2022,6,23,66
UR,2022,7,19,55
UR,2022,8,25,76
UR,2022,9,24,66
UR,2022,10,24,68
UR,2022,11,30,69
UR,2022,12,43,87
UR,2023,1,27,74
UR,2023,2,26,59
UR,2023,3,39,94
UR,2023,4,27,70
UR,2023,5,38,93
UR,2023,6,44,100
UR,2023,7,30,66
UR,2023,8,42,84
UR,2023,9,37,70
UR,2023,10,42,77
UR,2023,11,36,80
UR,2023,12,56,93
UR,2024,1,21,48
UR,2024,2,26,62
UR,2024,3,52,102
UR,2024,4,29,77
UR,2024,5,36,90
UR,2024,6,39,77
UR,2024,7,39,73
UR,2024,8,28,69
UR,2024,9,46,79
UR,2024,10,29,65
UR,2024,11,44,73
UR,2024,12,30,56
UR,2025,1,34,70
UR,2025,2,39,53
UR,2025,3,38,74
UR,2025,4,38,81
UR,2025,5,49,76
UR,2025,6,46,75
UR,2025,7,53,94
UR,2025,8,37,62
UR,2025,9,44,61
UR,2025,10,49,75
UR,2025,11,51,81
UR,2025,12,52,78
UR,2026,1,26,42
UR,2026,2,37,58
VD,2016,1,66,2004
VD,2016,2,74,2255
VD,2016,3,101,2874
VD,2016,4,66,2932
VD,2016,5,83,2530
VD,2016,6,101,3024
VD,2016,7,97,2609
VD,2016,8,104,2095
VD,2016,9,137,2788
VD,2016,10,93,2391
VD,2016,11,115,2784
VD,2016,12,167,3471
VD,2017,1,80,2401
VD,2017,2,84,2465
VD,2017,3,164,3127
VD,2017,4,121,2670
VD,2017,5,128,2804
VD,2017,6,163,3112
VD,2017,7,111,2400
VD,2017,8,126,2175
VD,2017,9,198,2664
VD,2017,10,177,2671
VD,2017,11,161,3185
VD,2017,12,199,3470
VD,2018,1,104,2189
VD,2018,2,116,2314
VD,2018,3,184,2919
VD,2018,4,171,2561
VD,2018,5,144,2715
VD,2018,6,238,3320
VD,2018,7,175,2729
VD,2018,8,169,2178
VD,2018,9,202,2066
VD,2018,10,208,2479
VD,2018,11,206,2540
VD,2018,12,247,2881
VD,2019,1,177,2313
VD,2019,2,196,2112
VD,2019,3,338,3026
VD,2019,4,317,2678
VD,2019,5,296,2746
VD,2019,6,376,3485
VD,2019,7,286,2634
VD,2019,8,248,1890
VD,2019,9,394,3005
VD,2019,10,328,2827
VD,2019,11,367,2603
VD,2019,12,810,3592
VD,2020,1,365,1906
VD,2020,2,376,1950
VD,2020,3,356,1483
VD,2020,4,189,855
VD,2020,5,346,1506
VD,2020,6,617,2805
VD,2020,7,493,2533
VD,2020,8,562,1687
VD,2020,9,809,2358
VD,2020,10,694,2443
VD,2020,11,872,2450
VD,2020,12,1200,2843
VD,2021,1,567,1713
VD,2021,2,661,1676
VD,2021,3,983,2601
VD,2021,4,851,2176
VD,2021,5,844,2274
VD,2021,6,1184,2742
VD,2021,7,835,1940
VD,2021,8,799,1675
VD,2021,9,1253,2273
VD,2021,10,791,1636
VD,2021,11,1059,2121
VD,2021,12,1352,2408
VD,2022,1,809,1638
VD,2022,2,952,1881
VD,2022,3,1323,2491
VD,2022,4,801,1689
VD,2022,5,996,1895
VD,2022,6,1191,2314
VD,2022,7,649,1533
VD,2022,8,725,1581
VD,2022,9,1155,2221
VD,2022,10,890,1823
VD,2022,11,1167,2205
VD,2022,12,1327,2456
VD,2023,1,898,1743
VD,2023,2,952,1906
VD,2023,3,1472,2712
VD,2023,4,956,1759
VD,2023,5,1119,2146
VD,2023,6,1457,2589
VD,2023,7,965,1716
VD,2023,8,1050,1878
VD,2023,9,1318,2234
VD,2023,10,1215,2093
VD,2023,11,1328,2298
VD,2023,12,1523,2478
VD,2024,1,750,1404
VD,2024,2,1156,1957
VD,2024,3,1410,2426
VD,2024,4,1020,1893
VD,2024,5,1177,2071
VD,2024,6,1654,2562
VD,2024,7,1063,1758
VD,2024,8,1004,1595
VD,2024,9,1446,2126
VD,2024,10,1234,1888
VD,2024,11,1383,2146
VD,2024,12,1600,2404
VD,2025,1,1067,1587
VD,2025,2,1144,1742
VD,2025,3,1600,2272
VD,2025,4,1212,1790
VD,2025,5,1382,1964
VD,2025,6,1660,2328
VD,2025,7,1247,1801
VD,2025,8,1131,1639
VD,2025,9,1592,2162
VD,2025,10,1427,1995
VD,2025,11,1431,1934
VD,2025,12,1785,2312
VD,2026,1,1132,1472
VD,2026,2,1239,1703
VS,2016,1,21,681
VS,2016,2,17,788
VS,2016,3,35,1101
VS,2016,4,27,1054
VS,2016,5,30,925
VS,2016,6,42,1071
VS,2016,7,23,936
VS,2016,8,14,745
VS,2016,9,40,946
VS,2016,10,25,897
VS,2016,11,40,1009
VS,2016,12,44,1181
VS,2017,1,16,699
VS,2017,2,39,753
VS,2017,3,43,1010
VS,2017,4,36,939
VS,2017,5,53,1000
VS,2017,6,56,1038
VS,2017,7,39,883
VS,2017,8,61,860
VS,2017,9,58,909
VS,2017,10,45,953
VS,2017,11,43,943
VS,2017,12,55,1073
VS,2018,1,34,722
VS,2018,2,33,797
VS,2018,3,45,963
VS,2018,4,55,878
VS,2018,5,46,911
VS,2018,6,59,1095
VS,2018,7,33,917
VS,2018,8,48,716
VS,2018,9,56,742
VS,2018,10,61,841
VS,2018,11,58,827
VS,2018,12,56,798
VS,2019,1,27,709
VS,2019,2,60,840
VS,2019,3,99,942
VS,2019,4,82,1052
VS,2019,5,98,943
VS,2019,6,100,929
VS,2019,7,91,940
VS,2019,8,58,677
VS,2019,9,124,896
VS,2019,10,106,1006
VS,2019,11,109,868
VS,2019,12,183,1111
VS,2020,1,89,630
VS,2020,2,113,688
VS,2020,3,135,671
VS,2020,4,52,362
VS,2020,5,120,499
VS,2020,6,182,861
VS,2020,7,127,787
VS,2020,8,156,610
VS,2020,9,222,744
VS,2020,10,175,765
VS,2020,11,367,966
VS,2020,12,444,984
VS,2021,1,170,587
VS,2021,2,207,615
VS,2021,3,353,918
VS,2021,4,322,851
VS,2021,5,265,716
VS,2021,6,401,960
VS,2021,7,221,627
VS,2021,8,300,664
VS,2021,9,414,784
VS,2021,10,284,612
VS,2021,11,403,801
VS,2021,12,501,994
VS,2022,1,295,653
VS,2022,2,337,672
VS,2022,3,479,941
VS,2022,4,276,616
VS,2022,5,300,639
VS,2022,6,519,932
VS,2022,7,263,668
VS,2022,8,269,621
VS,2022,9,556,942
VS,2022,10,268,625
VS,2022,11,388,797
VS,2022,12,448,856
VS,2023,1,307,630
VS,2023,2,324,663
VS,2023,3,468,955
VS,2023,4,361,710
VS,2023,5,424,839
VS,2023,6,472,907
VS,2023,7,331,691
VS,2023,8,398,768
VS,2023,9,428,795
VS,2023,10,441,770
VS,2023,11,443,810
VS,2023,12,577,1035
VS,2024,1,251,579
VS,2024,2,393,768
VS,2024,3,481,909
VS,2024,4,372,776
VS,2024,5,437,863
VS,2024,6,455,817
VS,2024,7,417,710
VS,2024,8,359,610
VS,2024,9,444,750
VS,2024,10,484,767
VS,2024,11,468,776
VS,2024,12,580,900
VS,2025,1,313,532
VS,2025,2,403,642
VS,2025,3,450,746
VS,2025,4,432,732
VS,2025,5,443,733
VS,2025,6,551,866
VS,2025,7,444,717
VS,2025,8,392,594
VS,2025,9,497,761
VS,2025,10,497,791
VS,2025,11,462,709
VS,2025,12,682,949
VS,2026,1,340,503
VS,2026,2,364,578
ZG,2016,1,23,417
ZG,2016,2,16,439
ZG,2016,3,29,570
ZG,2016,4,10,575
ZG,2016,5,21,468
ZG,2016,6,22,598
ZG,2016,7,18,484
ZG,2016,8,22,450
ZG,2016,9,35,568
ZG,2016,10,11,462
ZG,2016,11,15,498
ZG,2016,12,27,535
ZG,2017,1,16,431
ZG,2017,2,9,399
ZG,2017,3,31,585
ZG,2017,4,26,565
ZG,2017,5,25,542
ZG,2017,6,38,578
ZG,2017,7,23,476
ZG,2017,8,34,492
ZG,2017,9,38,523
ZG,2017,10,21,519
ZG,2017,11,35,508
ZG,2017,12,45,587
ZG,2018,1,16,403
ZG,2018,2,17,390
ZG,2018,3,40,578
ZG,2018,4,36,575
ZG,2018,5,24,549
ZG,2018,6,38,547
ZG,2018,7,24,470
ZG,2018,8,35,514
ZG,2018,9,57,464
ZG,2018,10,44,490
ZG,2018,11,36,484
ZG,2018,12,61,523
ZG,2019,1,32,411
ZG,2019,2,35,404
ZG,2019,3,71,641
ZG,2019,4,68,585
ZG,2019,5,65,570
ZG,2019,6,60,556
ZG,2019,7,52,509
ZG,2019,8,62,428
ZG,2019,9,65,506
ZG,2019,10,78,547
ZG,2019,11,67,472
ZG,2019,12,118,589
ZG,2020,1,73,388
ZG,2020,2,72,423
ZG,2020,3,110,460
ZG,2020,4,48,263
ZG,2020,5,55,296
ZG,2020,6,111,470
ZG,2020,7,108,418
ZG,2020,8,99,336
ZG,2020,9,162,483
ZG,2020,10,139,458
ZG,2020,11,156,485
ZG,2020,12,254,609
ZG,2021,1,117,374
ZG,2021,2,103,322
ZG,2021,3,184,620
ZG,2021,4,162,525
ZG,2021,5,173,442
ZG,2021,6,254,577
ZG,2021,7,141,398
ZG,2021,8,165,415
ZG,2021,9,211,480
ZG,2021,10,133,303
ZG,2021,11,224,448
ZG,2021,12,336,675
ZG,2022,1,172,396
ZG,2022,2,168,407
ZG,2022,3,267,531
ZG,2022,4,153,343
ZG,2022,5,214,438
ZG,2022,6,257,473
ZG,2022,7,129,356
ZG,2022,8,155,400
ZG,2022,9,293,584
ZG,2022,10,210,449
ZG,2022,11,342,598
ZG,2022,12,471,752
ZG,2023,1,219,407
ZG,2023,2,207,437
ZG,2023,3,327,627
ZG,2023,4,212,407
ZG,2023,5,281,526
ZG,2023,6,361,592
ZG,2023,7,201,415
ZG,2023,8,268,481
ZG,2023,9,297,518
ZG,2023,10,215,393
ZG,2023,11,297,508
ZG,2023,12,497,761
ZG,2024,1,191,395
ZG,2024,2,247,450
ZG,2024,3,289,524
ZG,2024,4,217,440
ZG,2024,5,241,447
ZG,2024,6,307,545
ZG,2024,7,275,437
ZG,2024,8,273,437
ZG,2024,9,292,494
ZG,2024,10,235,425
ZG,2024,11,244,410
ZG,2024,12,281,488
ZG,2025,1,256,388
ZG,2025,2,205,344
ZG,2025,3,328,538
ZG,2025,4,262,436
ZG,2025,5,281,484
ZG,2025,6,321,502
ZG,2025,7,294,445
ZG,2025,8,279,422
ZG,2025,9,282,454
ZG,2025,10,266,447
ZG,2025,11,297,447
ZG,2025,12,407,854
ZG,2026,1,244,380
ZG,2026,2,248,369
ZH,2016,1,183,3516
ZH,2016,2,171,3812
ZH,2016,3,295,5083
ZH,2016,4,209,4996
ZH,2016,5,201,4272
ZH,2016,6,288,4697
ZH,2016,7,187,3964
ZH,2016,8,227,3693
ZH,2016,9,343,4624
ZH,2016,10,251,4123
ZH,2016,11,235,4448
ZH,2016,12,270,5302
ZH,2017,1,194,3417
ZH,2017,2,167,3749
ZH,2017,3,318,5330
ZH,2017,4,220,4455
ZH,2017,5,220,4702
ZH,2017,6,317,5082
ZH,2017,7,236,3927
ZH,2017,8,323,4143
ZH,2017,9,362,4444
ZH,2017,10,298,4293
ZH,2017,11,593,4747
ZH,2017,12,360,5282
ZH,2018,1,234,3662
ZH,2018,2,386,3762
ZH,2018,3,378,4903
ZH,2018,4,315,4740
ZH,2018,5,279,4442
ZH,2018,6,441,4861
ZH,2018,7,283,3979
ZH,2018,8,267,3796
ZH,2018,9,367,3776
ZH,2018,10,351,4054
ZH,2018,11,375,4179
ZH,2018,12,470,4276
ZH,2019,1,258,3406
ZH,2019,2,410,3829
ZH,2019,3,800,5167
ZH,2019,4,555,4728
ZH,2019,5,463,4410
ZH,2019,6,579,4195
ZH,2019,7,500,4191
ZH,2019,8,460,3545
ZH,2019,9,760,4106
ZH,2019,10,615,4575
ZH,2019,11,567,4069
ZH,2019,12,1326,5548
ZH,2020,1,617,3182
ZH,2020,2,615,2961
ZH,2020,3,838,3253
ZH,2020,4,367,1627
ZH,2020,5,514,2222
ZH,2020,6,947,3940
ZH,2020,7,775,3347
ZH,2020,8,872,2864
ZH,2020,9,1383,3677
ZH,2020,10,1065,3471
ZH,2020,11,1437,3821
ZH,2020,12,2504,5062
ZH,2021,1,933,2672
ZH,2021,2,999,2765
ZH,2021,3,1520,4322
ZH,2021,4,1348,3677
ZH,2021,5,1258,3187
ZH,2021,6,1720,3924
ZH,2021,7,1164,2976
ZH,2021,8,1257,2745
ZH,2021,9,1784,3337
ZH,2021,10,1233,2598
ZH,2021,11,1574,3064
ZH,2021,12,2081,3858
ZH,2022,1,1299,2773
ZH,2022,2,1264,2769
ZH,2022,3,1817,3642
ZH,2022,4,1196,2567
ZH,2022,5,1392,3000
ZH,2022,6,1837,3537
ZH,2022,7,1006,2480
ZH,2022,8,1145,2598
ZH,2022,9,1629,3510
ZH,2022,10,1302,2769
ZH,2022,11,1746,3405
ZH,2022,12,2156,3814
ZH,2023,1,1288,2630
ZH,2023,2,1326,2685
ZH,2023,3,2149,4117
ZH,2023,4,1647,2981
ZH,2023,5,1828,3455
ZH,2023,6,2237,4077
ZH,2023,7,1641,2976
ZH,2023,8,1750,3134
ZH,2023,9,2039,3552
ZH,2023,10,1963,3372
ZH,2023,11,2138,3743
ZH,2023,12,2555,4293
ZH,2024,1,1393,2694
ZH,2024,2,1748,3108
ZH,2024,3,2436,4190
ZH,2024,4,1889,3359
ZH,2024,5,1860,3530
ZH,2024,6,2165,3603
ZH,2024,7,1725,2949
ZH,2024,8,1746,2914
ZH,2024,9,2215,3463
ZH,2024,10,1868,3043
ZH,2024,11,2144,3300
ZH,2024,12,2330,3729
ZH,2025,1,1463,2412
ZH,2025,2,1830,2757
ZH,2025,3,2555,3859
ZH,2025,4,1947,3051
ZH,2025,5,2104,3182
ZH,2025,6,2604,3832
ZH,2025,7,1932,2922
ZH,2025,8,1756,2637
ZH,2025,9,2409,3411
ZH,2025,10,2003,2956
ZH,2025,11,2288,3300
ZH,2025,12,3394,4379
ZH,2026,1,1594,2325
ZH,2026,2,1680,2508
